family,genus,species,ncbi_tax_id,wsc_lsid,country,sex
Agelenidae,Agelena,babai,2337279,urn:lsid:nmbe.ch:spidersp:040190,JPN,Female
Agelenidae,Agelena,labyrinthica,286032,urn:lsid:nmbe.ch:spidersp:020860,"JPN,GBR",Female
Agelenidae,Agelena,silvatica,648239,urn:lsid:nmbe.ch:spidersp:039417,JPN,"Female,Unknown"
Agelenidae,Agelena,sp.(OTU0566),2507250,,CHN,Unknown
Agelenidae,Agelenopsis,naevia,313387,urn:lsid:nmbe.ch:spidersp:020908,USA,Male
Agelenidae,Agelenopsis,potteri,313392,urn:lsid:nmbe.ch:spidersp:020912,USA,Unknown
Agelenidae,Agelenopsis,sp.1,,,USA,Male
Agelenidae,Allagelena,difficilis,198407,urn:lsid:nmbe.ch:spidersp:020837,CHN,Female
Agelenidae,Allagelena,donggukensis,2337283,urn:lsid:nmbe.ch:spidersp:020838,JPN,Female
Agelenidae,Allagelena,opulenta,29934,urn:lsid:nmbe.ch:spidersp:020878,JPN,Female
Agelenidae,Barronopsis,texana,313397,urn:lsid:nmbe.ch:spidersp:020928,USA,Unknown
Agelenidae,Coelotes,antri,1982775,urn:lsid:nmbe.ch:spidersp:022718,JPN,Female
Agelenidae,Coelotes,atropos,209522,urn:lsid:nmbe.ch:spidersp:022723,GBR,Female
Agelenidae,Coelotes,exitialis,1982776,urn:lsid:nmbe.ch:spidersp:022759,JPN,Female
Agelenidae,Coelotes,kitazawai,1982778,urn:lsid:nmbe.ch:spidersp:022794,JPN,Female
Agelenidae,Coelotes,kumensis,2337364,urn:lsid:nmbe.ch:spidersp:022797,JPN,Female
Agelenidae,Coelotes,musashiensis,1982781,urn:lsid:nmbe.ch:spidersp:022820,JPN,Female
Agelenidae,Coelotes,sp.(OTU0131),2337366,,JPN,Female
Agelenidae,Coelotes,sp.(OTU0481),2337365,,JPN,Unknown
Agelenidae,Coelotes,yaginumai,2337370,urn:lsid:nmbe.ch:spidersp:022914,JPN,Female
Agelenidae,Coras,lamellosus,336641,urn:lsid:nmbe.ch:spidersp:022929,USA,Unknown
Agelenidae,Eratigena,atrica,1698855,urn:lsid:nmbe.ch:spidersp:021197,GBR,Unknown
Agelenidae,Gen.,sp.(OTU0486),2507274,,CHN,Female
Agelenidae,Iwogumoa,insidiosa,1982830,urn:lsid:nmbe.ch:spidersp:022784,JPN,"Male,Female"
Agelenidae,Iwogumoa,interuna,2018507,urn:lsid:nmbe.ch:spidersp:022785,JPN,Male
Agelenidae,Iwogumoa,plancyi,198476,urn:lsid:nmbe.ch:spidersp:022849,CHN,Unknown
Agelenidae,Iwogumoa,yaeyamensis,2337445,urn:lsid:nmbe.ch:spidersp:022913,JPN,Unknown
Agelenidae,Pireneitega,luctuosa,185217,urn:lsid:nmbe.ch:spidersp:023022,JPN,"Male,Female"
Agelenidae,Tegecoelotes,corasides,1780469,urn:lsid:nmbe.ch:spidersp:022744,JPN,Unknown
Agelenidae,Tegecoelotes,mizuyamae,2337666,urn:lsid:nmbe.ch:spidersp:042639,JPN,Female
Agelenidae,Tegecoelotes,secundus,1112560,urn:lsid:nmbe.ch:spidersp:021288,JPN,Male
Agelenidae,Tegecoelotes,sp.(OTU0201),2337368,,JPN,"Male,Unknown"
Agelenidae,Tegecoelotes,sp.(OTU1053),2337668,,JPN,Unknown
Agelenidae,Tegenaria,domestica,209516,urn:lsid:nmbe.ch:spidersp:021218,JPN,Female
Agelenidae,Tegenaria,silvestris,744887,urn:lsid:nmbe.ch:spidersp:021291,GBR,Male
Amaurobiidae,Amaurobius,ferox,336583,urn:lsid:nmbe.ch:spidersp:022605,GBR,Female
Amaurobiidae,Callobius,hokkaido,1007245,urn:lsid:nmbe.ch:spidersp:022687,JPN,Unknown
Amaurobiidae,Gen.,sp.(OTU0870),2337811,,JPN,Unknown
Amaurobiidae,Taira,flavidorsalis,2337663,urn:lsid:nmbe.ch:spidersp:023070,JPN,Female
Anapidae,Conculus,lyugadinus,2337372,urn:lsid:nmbe.ch:spidersp:009102,JPN,Male
Antrodiaetidae,Antrodiaetus,roretzi,415149,urn:lsid:nmbe.ch:spidersp:000131,JPN,Female
Antrodiaetidae,Antrodiaetus,yesoensis,415152,urn:lsid:nmbe.ch:spidersp:000134,JPN,Unknown
Anyphaenidae,Anyphaena,ayshides,2337287,urn:lsid:nmbe.ch:spidersp:023654,JPN,Female
Anyphaenidae,Anyphaena,pugil,2337288,urn:lsid:nmbe.ch:spidersp:023705,JPN,Female
Araneidae,Acacesia,hamata,2337721,urn:lsid:nmbe.ch:spidersp:014409,USA,Unknown
Araneidae,Acanthepeira,sp.(OTU0394),2337277,,USA,Unknown
Araneidae,Acroaspis,sp.(OTU0046),2337723,,AUS,Female
Araneidae,Acrosomoides,sp.(OTU0988),2511307,,MDG,Female
Araneidae,Aculepeira,matsudae,2337278,urn:lsid:nmbe.ch:spidersp:014447,JPN,Unknown
Araneidae,Acusilas,coccineus,1662254,urn:lsid:nmbe.ch:spidersp:014455,JPN,Female
Araneidae,Alenatea,fuscocolorata,2337729,urn:lsid:nmbe.ch:spidersp:014476,JPN,Female
Araneidae,Anepsion,depressum,1305600,urn:lsid:nmbe.ch:spidersp:014623,MYS,Male
Araneidae,Anepsion,maritatum,1305599,urn:lsid:nmbe.ch:spidersp:014630,MYS,Female
Araneidae,Arachnura,logio,1538133,urn:lsid:nmbe.ch:spidersp:014644,JPN,Female
Araneidae,Arachnura,melanura,1538134,urn:lsid:nmbe.ch:spidersp:014645,JPN,Female
Araneidae,Arachnura,sp.(OTU0626),2337289,,AUS,Female
Araneidae,Araneus,acusisetus,1112381,urn:lsid:nmbe.ch:spidersp:014661,JPN,"Female,Unknown"
Araneidae,Araneus,amabilis,2337290,urn:lsid:nmbe.ch:spidersp:037655,JPN,"Female,Unknown"
Araneidae,Araneus,bicentenarius,29013,urn:lsid:nmbe.ch:spidersp:014742,USA,Female
Araneidae,Araneus,diadematus,45920,urn:lsid:nmbe.ch:spidersp:014834,"JPN,GBR","Female,Unknown"
Araneidae,Araneus,dimidiatus,1315038,urn:lsid:nmbe.ch:spidersp:014842,AUS,Female
Araneidae,Araneus,ejusmodi,1112383,urn:lsid:nmbe.ch:spidersp:014853,JPN,"Male,Female,Unknown"
Araneidae,Araneus,guttulatus,2204221,urn:lsid:nmbe.ch:spidersp:014918,USA,Unknown
Araneidae,Araneus,hoshi,2337291,urn:lsid:nmbe.ch:spidersp:037659,JPN,Female
Araneidae,Araneus,ishisawai,1112384,urn:lsid:nmbe.ch:spidersp:014949,JPN,"Female,Unknown"
Araneidae,Araneus,macacus,2337292,urn:lsid:nmbe.ch:spidersp:014996,JPN,"Female,Unknown"
Araneidae,Araneus,marmoreus,336584,urn:lsid:nmbe.ch:spidersp:015005,JPN,Female
Araneidae,Araneus,mitificus,1662246,urn:lsid:nmbe.ch:spidersp:015032,JPN,"Female,Unknown"
Araneidae,Araneus,ogatai,2337293,urn:lsid:nmbe.ch:spidersp:037666,JPN,Male
Araneidae,Araneus,pentagrammicus,2337294,urn:lsid:nmbe.ch:spidersp:015102,JPN,"Female,Unknown"
Araneidae,Araneus,pinguis,2337295,urn:lsid:nmbe.ch:spidersp:015114,JPN,"Female,Unknown"
Araneidae,Araneus,rotundicornis,2337296,urn:lsid:nmbe.ch:spidersp:015167,JPN,Unknown
Araneidae,Araneus,semilunaris,2337503,urn:lsid:nmbe.ch:spidersp:016752,JPN,Female
Araneidae,Araneus,seminiger,2175613,urn:lsid:nmbe.ch:spidersp:015191,JPN,"Female,Unknown"
Araneidae,Araneus,sp.1,,,JPN,Unknown
Araneidae,Araneus,sp.2,,,JPN,Male
Araneidae,Araneus,sp.(OTU0080),2507252,,CHN,Unknown
Araneidae,Araneus,sp.(OTU0905),2507256,,AUS,Female
Araneidae,Araneus,sp.(OTU0990),2337297,,JPN,Unknown
Araneidae,Araneus,stella,1112385,urn:lsid:nmbe.ch:spidersp:015211,JPN,Unknown
Araneidae,Araneus,tsurusakii,2337298,urn:lsid:nmbe.ch:spidersp:037668,JPN,Female
Araneidae,Araneus,uyemurai,1112386,urn:lsid:nmbe.ch:spidersp:015275,JPN,Female
Araneidae,Araneus,variegatus,1112387,urn:lsid:nmbe.ch:spidersp:015276,JPN,Female
Araneidae,Araneus,ventricosus,182803,urn:lsid:nmbe.ch:spidersp:015279,JPN,Unknown
Araneidae,Araneus,viridiventris,2337299,urn:lsid:nmbe.ch:spidersp:015300,JPN,Unknown
Araneidae,Araneus,yasudai,2507257,urn:lsid:nmbe.ch:spidersp:037671,JPN,Female
Araneidae,Araniella,yaginumai,1112389,urn:lsid:nmbe.ch:spidersp:038307,JPN,"Male,Female,Unknown"
Araneidae,Argiope,aemula,332528,urn:lsid:nmbe.ch:spidersp:015339,JPN,"Male,Female,Unknown"
Araneidae,Argiope,aetheroides,716551,urn:lsid:nmbe.ch:spidersp:015343,JPN,Female
Araneidae,Argiope,amoena,216270,urn:lsid:nmbe.ch:spidersp:015345,JPN,"Male,Female"
Araneidae,Argiope,boesenbergi,216266,urn:lsid:nmbe.ch:spidersp:015354,JPN,Female
Araneidae,Argiope,bruennichi,94029,urn:lsid:nmbe.ch:spidersp:015356,"JPN,GBR","Female,Unknown"
Araneidae,Argiope,keyserlingi,332532,urn:lsid:nmbe.ch:spidersp:015377,AUS,Female
Araneidae,Argiope,minuta,716549,urn:lsid:nmbe.ch:spidersp:015390,JPN,"Male,Female"
Araneidae,Argiope,ocula,716557,urn:lsid:nmbe.ch:spidersp:015393,JPN,Female
Araneidae,Argiope,sp.1,,,MYS,Female
Araneidae,Argiope,sp.2,,,IND,Female
Araneidae,Argiope,sp.3,,,AUS,Female
Araneidae,Argiope,sp.(OTU0362),2337308,,IND,Female
Araneidae,Argiope,sp.(OTU1080),2337307,,MYS,Female
Araneidae,Backobourkia,brouni,2337322,urn:lsid:nmbe.ch:spidersp:043116,AUS,Unknown
Araneidae,Caerostris,darwini,1538125,urn:lsid:nmbe.ch:spidersp:043500,MDG,Female
Araneidae,Caerostris,extrusa,172846,urn:lsid:nmbe.ch:spidersp:015477,MDG,Female
Araneidae,Caerostris,sp.1,,,MDG,Male
Araneidae,Caerostris,sp.(OTU0914),2511303,,MDG,Female
Araneidae,Chorizopes,nipponicus,1112510,urn:lsid:nmbe.ch:spidersp:015534,JPN,Female
Araneidae,Cryptaranea,sp.(OTU0455),2337743,,AUS,Female
Araneidae,Cyclosa,alba,345691,urn:lsid:nmbe.ch:spidersp:015564,JPN,Female
Araneidae,Cyclosa,argenteoalba,345692,urn:lsid:nmbe.ch:spidersp:015571,JPN,"Female,Unknown"
Araneidae,Cyclosa,bifida,2293436,urn:lsid:nmbe.ch:spidersp:015579,IND,Female
Araneidae,Cyclosa,confusa,1112402,urn:lsid:nmbe.ch:spidersp:015594,JPN,"Female,Unknown"
Araneidae,Cyclosa,conica,336648,urn:lsid:nmbe.ch:spidersp:015595,GBR,Female
Araneidae,Cyclosa,ginnaga,2337381,urn:lsid:nmbe.ch:spidersp:015623,JPN,"Female,Unknown"
Araneidae,Cyclosa,hamulata,2337382,urn:lsid:nmbe.ch:spidersp:015627,JPN,"Male,Female"
Araneidae,Cyclosa,japonica,1112403,urn:lsid:nmbe.ch:spidersp:015637,JPN,"Female,Unknown"
Araneidae,Cyclosa,kumadai,1112404,urn:lsid:nmbe.ch:spidersp:015643,JPN,Female
Araneidae,Cyclosa,laticauda,1112405,urn:lsid:nmbe.ch:spidersp:015644,JPN,"Male,Female,Unknown"
Araneidae,Cyclosa,monticola,1112406,urn:lsid:nmbe.ch:spidersp:015659,JPN,Unknown
Araneidae,Cyclosa,mulmeinensis,345697,urn:lsid:nmbe.ch:spidersp:015662,JPN,"Female,Unknown"
Araneidae,Cyclosa,octotuberculata,1112407,urn:lsid:nmbe.ch:spidersp:015669,JPN,"Male,Female,Unknown"
Araneidae,Cyclosa,omonaga,1933405,urn:lsid:nmbe.ch:spidersp:015675,JPN,Female
Araneidae,Cyclosa,onoi,2337383,urn:lsid:nmbe.ch:spidersp:015676,JPN,Female
Araneidae,Cyclosa,quinqueguttata,2337384,urn:lsid:nmbe.ch:spidersp:015694,MYS,Female
Araneidae,Cyclosa,sachikoae,553844,urn:lsid:nmbe.ch:spidersp:015698,JPN,"Male,Female,Unknown"
Araneidae,Cyclosa,sedeculata,1112408,urn:lsid:nmbe.ch:spidersp:015702,JPN,"Male,Female,Unknown"
Araneidae,Cyclosa,sp.(OTU0040),2337385,,IND,Female
Araneidae,Cyclosa,sp.(OTU0365),2507258,,IND,Male
Araneidae,Cyclosa,sp.(OTU0457),2337387,,AUS,Female
Araneidae,Cyclosa,sp.(OTU0490),2337386,,MYS,Female
Araneidae,Cyclosa,turbinata,345705,urn:lsid:nmbe.ch:spidersp:015726,USA,Female
Araneidae,Cyclosa,vallata,345706,urn:lsid:nmbe.ch:spidersp:015728,JPN,Female
Araneidae,Cyrtarachne,akirai,1463313,urn:lsid:nmbe.ch:spidersp:046730,JPN,"Male,Female"
Araneidae,Cyrtarachne,bufo,386108,urn:lsid:nmbe.ch:spidersp:015747,JPN,Female
Araneidae,Cyrtarachne,nagasakiensis,386110,urn:lsid:nmbe.ch:spidersp:015776,JPN,"Male,Female"
Araneidae,Cyrtarachne,yunoharuensis,720636,urn:lsid:nmbe.ch:spidersp:015795,JPN,Female
Araneidae,Cyrtophora,cicatrosa,1485617,urn:lsid:nmbe.ch:spidersp:015803,IND,Female
Araneidae,Cyrtophora,exanthematica,1538126,urn:lsid:nmbe.ch:spidersp:015813,JPN,Female
Araneidae,Cyrtophora,ikomosanensis,891969,urn:lsid:nmbe.ch:spidersp:043614,JPN,"Female,Unknown"
Araneidae,Cyrtophora,moluccensis,299645,urn:lsid:nmbe.ch:spidersp:015827,MYS,Female
Araneidae,Cyrtophora,sp.(OTU0410),2511309,,MDG,Female
Araneidae,Cyrtophora,sp.(OTU0804),2511314,,MDG,Female
Araneidae,Cyrtophora,unicolor,1485616,urn:lsid:nmbe.ch:spidersp:015838,"IND,JPN,MYS","Male,Female,Unknown"
Araneidae,Dolophones,sp.(OTU0858),2337397,,AUS,Unknown
Araneidae,Eriophora,pustulosa,693724,urn:lsid:nmbe.ch:spidersp:015885,AUS,Female
Araneidae,Eriophora,ravilla,708588,urn:lsid:nmbe.ch:spidersp:015886,USA,Unknown
Araneidae,Eriophora,sp.(OTU0926),2337405,,AUS,Female
Araneidae,Eriophora,transmarina,2115798,urn:lsid:nmbe.ch:spidersp:015889,AUS,Male
Araneidae,Eriovixia,poonaensis,1750731,urn:lsid:nmbe.ch:spidersp:015900,MYS,Female
Araneidae,Eriovixia,pseudocentrodes,2337406,urn:lsid:nmbe.ch:spidersp:015901,JPN,"Male,Female"
Araneidae,Eriovixia,sakiedaorum,2337407,urn:lsid:nmbe.ch:spidersp:015903,JPN,"Male,Female"
Araneidae,Eustala,anastera,336652,urn:lsid:nmbe.ch:spidersp:015911,USA,Female
Araneidae,Eustala,cepina,1473640,urn:lsid:nmbe.ch:spidersp:015923,USA,Unknown
Araneidae,Eustala,sp.(OTU0478),2337410,,USA,Male
Araneidae,Gasteracantha,cancriformis,472970,urn:lsid:nmbe.ch:spidersp:016007,USA,Female
Araneidae,Gasteracantha,diadesmia,2337415,urn:lsid:nmbe.ch:spidersp:016017,IND,Female
Araneidae,Gasteracantha,hasselti,1401002,urn:lsid:nmbe.ch:spidersp:016027,IND,Female
Araneidae,Gasteracantha,kuhli,216277,urn:lsid:nmbe.ch:spidersp:016031,"JPN,MYS",Female
Araneidae,Gasteracantha,sp.1,,,MYS,Female
Araneidae,Gasteracantha,sp.(OTU0225),2337416,,IND,Female
Araneidae,Gasteracantha,sp.(OTU0635),2511311,,MDG,Female
Araneidae,Gea,spinipes,1538127,urn:lsid:nmbe.ch:spidersp:016112,MYS,Female
Araneidae,Gen.,sp.1,,,JPN,Female
Araneidae,Gen.,sp.(OTU0090),2507278,,CHN,Unknown
Araneidae,Gen.,sp.(OTU0124),2337812,,IND,Unknown
Araneidae,Gen.,sp.(OTU0160),2337813,,MYS,Female
Araneidae,Gen.,sp.(OTU0199),2337817,,AUS,Unknown
Araneidae,Gen.,sp.(OTU0221),2337814,,AUS,Female
Araneidae,Gen.,sp.(OTU0230),2507276,,MYS,Male
Araneidae,Gen.,sp.(OTU0267),2511321,,MDG,Female
Araneidae,Gen.,sp.(OTU0401),2337818,,AUS,Female
Araneidae,Gen.,sp.(OTU0474),2507275,,MYS,Unknown
Araneidae,Gen.,sp.(OTU0673),2511324,,MDG,Female
Araneidae,Gen.,sp.(OTU0713),2511323,,MDG,Female
Araneidae,Gen.,sp.(OTU0726),2337815,,AUS,Female
Araneidae,Gen.,sp.(OTU1058),2337816,,AUS,Male
Araneidae,Gibbaranea,abscissa,2337418,urn:lsid:nmbe.ch:spidersp:016118,JPN,"Male,Unknown"
Araneidae,Gibbaranea,bituberculata,1871957,urn:lsid:nmbe.ch:spidersp:016119,JPN,Female
Araneidae,Herennia,multipuncta,941795,urn:lsid:nmbe.ch:spidersp:039408,MYS,Female
Araneidae,Herennia,sp.1,,,MYS,Female
Araneidae,Hypsosinga,pygmaea,336661,urn:lsid:nmbe.ch:spidersp:016190,JPN,Female
Araneidae,Hypsosinga,sanguinea,1871965,urn:lsid:nmbe.ch:spidersp:016194,JPN,Female
Araneidae,Larinia,argiopiformis,1112526,urn:lsid:nmbe.ch:spidersp:016286,JPN,Female
Araneidae,Larinia,fusiformis,2337460,urn:lsid:nmbe.ch:spidersp:016301,JPN,Female
Araneidae,Larinia,phthisica,2337447,urn:lsid:nmbe.ch:spidersp:016274,JPN,Female
Araneidae,Larinia,sekiguchii,2337448,urn:lsid:nmbe.ch:spidersp:016276,JPN,Female
Araneidae,Larinioides,cornutus,336591,urn:lsid:nmbe.ch:spidersp:016288,"JPN,GBR,USA",Female
Araneidae,Mangora,herbeoides,2337469,urn:lsid:nmbe.ch:spidersp:016325,JPN,Female
Araneidae,Mangora,maculata,472972,urn:lsid:nmbe.ch:spidersp:016331,USA,Male
Araneidae,Mangora,placida,336667,urn:lsid:nmbe.ch:spidersp:016340,USA,Female
Araneidae,Mecynogea,lemniscata,329906,urn:lsid:nmbe.ch:spidersp:016398,USA,"Female,Unknown"
Araneidae,Metazygia,zilloides,2337760,urn:lsid:nmbe.ch:spidersp:016493,USA,Female
Araneidae,Metepeira,labyrinthea,472973,urn:lsid:nmbe.ch:spidersp:016515,USA,Unknown
Araneidae,Micrathena,gracilis,473148,urn:lsid:nmbe.ch:spidersp:016575,USA,Female
Araneidae,Micrathena,sagittata,1481434,urn:lsid:nmbe.ch:spidersp:016617,USA,Female
Araneidae,Neoscona,adianta,1112440,urn:lsid:nmbe.ch:spidersp:016689,JPN,"Female,Unknown"
Araneidae,Neoscona,arabesca,336594,urn:lsid:nmbe.ch:spidersp:016694,USA,Unknown
Araneidae,Neoscona,mellotteei,1968900,urn:lsid:nmbe.ch:spidersp:016721,JPN,"Female,Unknown"
Araneidae,Neoscona,nautica,258338,urn:lsid:nmbe.ch:spidersp:016729,JPN,"Female,Unknown"
Araneidae,Neoscona,punctigera,1112444,urn:lsid:nmbe.ch:spidersp:016743,JPN,"Female,Unknown"
Araneidae,Neoscona,scylla,1112445,urn:lsid:nmbe.ch:spidersp:016750,JPN,"Male,Female,Unknown"
Araneidae,Neoscona,scylloides,1112446,urn:lsid:nmbe.ch:spidersp:016751,"CHN,JPN","Female,Unknown"
Araneidae,Neoscona,sp.(OTU0133),2337506,,USA,"Male,Female"
Araneidae,Neoscona,sp.(OTU0204),2337504,,MYS,Male
Araneidae,Neoscona,sp.(OTU0257),2507266,,CHN,"Male,Female"
Araneidae,Neoscona,sp.(OTU1063),2337509,,IND,Unknown
Araneidae,Neoscona,sp.(OTU1084),2337508,,IND,Female
Araneidae,Neoscona,subpullata,1112447,urn:lsid:nmbe.ch:spidersp:016761,JPN,"Female,Unknown"
Araneidae,Neoscona,theisi,1112448,urn:lsid:nmbe.ch:spidersp:016763,JPN,"Female,Unknown"
Araneidae,Nephila,pilipes,299642,urn:lsid:nmbe.ch:spidersp:013960,"IND,JPN,MYS","Male,Female,Unknown"
Araneidae,Nephila,sp.(OTU0025),2337513,,MYS,Unknown
Araneidae,Nephilengys,malabarensis,593433,urn:lsid:nmbe.ch:spidersp:013993,MYS,"Female,Unknown"
Araneidae,Nephilingis,livida,2511332,urn:lsid:nmbe.ch:spidersp:043939,MDG,Female
Araneidae,Nuctenea,umbratica,1872065,urn:lsid:nmbe.ch:spidersp:016784,GBR,Female
Araneidae,Ordgarius,hobsoni,386112,urn:lsid:nmbe.ch:spidersp:016858,JPN,Female
Araneidae,Ordgarius,sexspinosus,386113,urn:lsid:nmbe.ch:spidersp:016862,JPN,Female
Araneidae,Parawixia,dehaani,2337571,urn:lsid:nmbe.ch:spidersp:016893,MYS,"Female,Unknown"
Araneidae,Pasilobus,hupingensis,386118,urn:lsid:nmbe.ch:spidersp:037694,JPN,Female
Araneidae,Perilla,teres,1313342,urn:lsid:nmbe.ch:spidersp:014060,MYS,Female
Araneidae,Phonognatha,graeffei,473178,urn:lsid:nmbe.ch:spidersp:014062,AUS,Unknown
Araneidae,Plebs,astridae,2337609,urn:lsid:nmbe.ch:spidersp:015873,JPN,"Female,Unknown"
Araneidae,Plebs,aurea,2337610,urn:lsid:nmbe.ch:spidersp:015874,JPN,Unknown
Araneidae,Plebs,eburnus,2115801,urn:lsid:nmbe.ch:spidersp:014852,AUS,Female
Araneidae,Plebs,sachalinensis,2337611,urn:lsid:nmbe.ch:spidersp:015887,JPN,"Female,Unknown"
Araneidae,Plebs,sp.1,,,JPN,Unknown
Araneidae,Plebs,sp.(OTU0517),2337612,,AUS,Female
Araneidae,Plebs,yanbaruensis,2337613,urn:lsid:nmbe.ch:spidersp:015892,JPN,Female
Araneidae,Poecilopachys,australasia,386120,urn:lsid:nmbe.ch:spidersp:016935,AUS,Female
Araneidae,Poltys,columnaris,2337615,urn:lsid:nmbe.ch:spidersp:016947,JPN,Female
Araneidae,Poltys,illepidus,329715,urn:lsid:nmbe.ch:spidersp:016958,JPN,Female
Araneidae,Poltys,sp.(OTU1025),2337616,,AUS,Female
Araneidae,Pronoides,brunneus,2337787,urn:lsid:nmbe.ch:spidersp:016999,JPN,Female
Araneidae,Singa,perpolita,2337647,urn:lsid:nmbe.ch:spidersp:017059,MYS,Female
Araneidae,Thelacantha,brevispina,1508453,urn:lsid:nmbe.ch:spidersp:017085,"JPN,MYS",Female
Araneidae,Trichonephila,antipodiana,,urn:lsid:nmbe.ch:spidersp:013938,MYS,Female
Araneidae,Trichonephila,clavata,70342,urn:lsid:nmbe.ch:spidersp:013940,"CHN,JPN","Female,Unknown"
Araneidae,Trichonephila,clavipes,6915,urn:lsid:nmbe.ch:spidersp:013943,USA,"Male,Unknown"
Araneidae,Trichonephila,inaurata,222470,urn:lsid:nmbe.ch:spidersp:013953,MDG,Female
Araneidae,Trichonephila,plumipes,941800,urn:lsid:nmbe.ch:spidersp:013971,AUS,Female
Araneidae,Verrucosa,arenata,588439,urn:lsid:nmbe.ch:spidersp:017098,USA,Female
Araneidae,Yaginumia,sia,1112568,urn:lsid:nmbe.ch:spidersp:017156,JPN,"Female,Unknown"
Araneidae,Zygiella,dispar,2175612,urn:lsid:nmbe.ch:spidersp:017170,JPN,Female
Araneidae,Zygiella,hiramatsui,2337719,urn:lsid:nmbe.ch:spidersp:049604,JPN,Female
Araneidae,Zygiella,x-notata,389061,urn:lsid:nmbe.ch:spidersp:017187,GBR,"Female,Unknown"
Archaeidae,Eriauchenius,sp.(OTU0714),2511310,,MDG,Male
Arkyidae,Arkys,sp.(OTU0789),2337315,,AUS,Unknown
Atracidae,Atrax,robustus,6903,urn:lsid:nmbe.ch:spidersp:000146,AUS,Unknown
Atypidae,Atypus,karschi,2337319,urn:lsid:nmbe.ch:spidersp:000086,JPN,Female
Atypidae,Calommata,signata,795150,urn:lsid:nmbe.ch:spidersp:000100,JPN,Female
Austrochilidae,Hickmania,troglodytes,489260,urn:lsid:nmbe.ch:spidersp:002532,AUS,Unknown
Cheiracanthiidae,Cheiracanthium,eutittha,2337331,urn:lsid:nmbe.ch:spidersp:023306,JPN,Male
Cheiracanthiidae,Cheiracanthium,gracile,2337332,urn:lsid:nmbe.ch:spidersp:023319,AUS,Female
Cheiracanthiidae,Cheiracanthium,japonicum,1112394,urn:lsid:nmbe.ch:spidersp:023343,JPN,"Female,Unknown"
Cheiracanthiidae,Cheiracanthium,lascivum,2337333,urn:lsid:nmbe.ch:spidersp:023352,JPN,"Female,Unknown"
Cheiracanthiidae,Cheiracanthium,mordax,2337334,urn:lsid:nmbe.ch:spidersp:023381,JPN,Female
Cheiracanthiidae,Cheiracanthium,sp.(OTU0565),2337335,,IND,Unknown
Cheiracanthiidae,Cheiracanthium,sp.(OTU0824),2337336,,IND,Unknown
Cheiracanthiidae,Cheiracanthium,sp.(OTU0961),2337339,,JPN,Unknown
Cheiracanthiidae,Cheiracanthium,sp.(OTU0991),2337337,,JPN,Unknown
Cheiracanthiidae,Cheiracanthium,unicum,2337340,urn:lsid:nmbe.ch:spidersp:023455,JPN,Male
Clubionidae,Clubiona,akagiensis,2337348,urn:lsid:nmbe.ch:spidersp:024439,JPN,Female
Clubionidae,Clubiona,basarukini,2337349,urn:lsid:nmbe.ch:spidersp:024463,JPN,Female
Clubionidae,Clubiona,deletrix,2337350,urn:lsid:nmbe.ch:spidersp:024518,JPN,Male
Clubionidae,Clubiona,diversa,1926168,urn:lsid:nmbe.ch:spidersp:024526,JPN,Female
Clubionidae,Clubiona,japonicola,1112399,urn:lsid:nmbe.ch:spidersp:024590,JPN,"Male,Female"
Clubionidae,Clubiona,jucunda,2337351,urn:lsid:nmbe.ch:spidersp:024593,JPN,Unknown
Clubionidae,Clubiona,kurilensis,1112400,urn:lsid:nmbe.ch:spidersp:024614,JPN,Female
Clubionidae,Clubiona,kurosawai,2337352,urn:lsid:nmbe.ch:spidersp:024615,JPN,Male
Clubionidae,Clubiona,lutescens,1906980,urn:lsid:nmbe.ch:spidersp:024636,GBR,Female
Clubionidae,Clubiona,pseudogermanica,286077,urn:lsid:nmbe.ch:spidersp:024725,JPN,Female
Clubionidae,Clubiona,reclusa,1871940,urn:lsid:nmbe.ch:spidersp:024741,GBR,Female
Clubionidae,Clubiona,riparia,1107590,urn:lsid:nmbe.ch:spidersp:024746,JPN,Female
Clubionidae,Clubiona,robusta,1908312,urn:lsid:nmbe.ch:spidersp:024749,AUS,Female
Clubionidae,Clubiona,rostrata,2337353,urn:lsid:nmbe.ch:spidersp:024752,JPN,Female
Clubionidae,Clubiona,sp.(OTU0285),2337354,,JPN,"Male,Unknown"
Clubionidae,Clubiona,sp.(OTU0593),2337356,,AUS,Male
Clubionidae,Clubiona,sp.(OTU0921),2337357,,AUS,Male
Clubionidae,Clubiona,tsurusakii,2337358,urn:lsid:nmbe.ch:spidersp:024806,JPN,Male
Clubionidae,Clubiona,uenoi,2337359,urn:lsid:nmbe.ch:spidersp:024807,JPN,Male
Clubionidae,Clubiona,vigil,2337360,urn:lsid:nmbe.ch:spidersp:024821,JPN,Female
Clubionidae,Clubiona,yaginumai,2337362,urn:lsid:nmbe.ch:spidersp:024828,JPN,"Female,Unknown"
Clubionidae,Clubiona,zilla,2337363,urn:lsid:nmbe.ch:spidersp:024835,JPN,Male
Clubionidae,Elaver,excepta,1113434,urn:lsid:nmbe.ch:spidersp:024853,USA,Male
Clubionidae,Gen.,sp.(OTU0799),2337819,,AUS,Male
Clubionidae,Porrhoclubiona,viridula,2337361,urn:lsid:nmbe.ch:spidersp:024824,JPN,Male
Clubionidae,Pteroneta,ultramarina,2337626,urn:lsid:nmbe.ch:spidersp:024808,JPN,Unknown
Corinnidae,Falconina,gracilis,1956435,urn:lsid:nmbe.ch:spidersp:025158,USA,Female
Corinnidae,Gen.,sp.(OTU0450),2337820,,IND,Unknown
Ctenidae,Anahita,fauna,795148,urn:lsid:nmbe.ch:spidersp:020429,JPN,Female
Ctenidae,Ctenus,yaeyamensis,2337377,urn:lsid:nmbe.ch:spidersp:020733,JPN,Female
Ctenidae,Gen.,sp.(OTU0975),2337821,,IND,Unknown
Cybaeidae,Cybaeus,mellotteei,2337378,urn:lsid:nmbe.ch:spidersp:021388,JPN,Female
Cybaeidae,Cybaeus,nipponicus,634001,urn:lsid:nmbe.ch:spidersp:021395,JPN,Female
Cybaeidae,Cybaeus,sp.(OTU0077),2337380,,JPN,Unknown
Cybaeidae,Cybaeus,sp.(OTU0947),2337379,,JPN,Unknown
Deinopidae,Deinopis,sp.(OTU0262),2511306,,MDG,Female
Deinopidae,Deinopis,sp.(OTU0719),2337388,,AUS,Male
Desidae,Badumna,insignis,1685383,urn:lsid:nmbe.ch:spidersp:021463,"AUS,JPN","Female,Unknown"
Desidae,Badumna,longinqua,389029,urn:lsid:nmbe.ch:spidersp:021465,JPN,Female
Desidae,Badumna,sp.(OTU0057),2337323,,AUS,Female
Desidae,Desis,japonica,2337389,urn:lsid:nmbe.ch:spidersp:021486,JPN,Male
Desidae,Metaltella,simoni,389063,urn:lsid:nmbe.ch:spidersp:021762,USA,Unknown
Desidae,Paramatachia,sp.(OTU0512),2337564,,AUS,Female
Dictynidae,Adenodictyna,kudoae,2337725,urn:lsid:nmbe.ch:spidersp:042638,JPN,Unknown
Dictynidae,Argyroneta,aquatica,375087,urn:lsid:nmbe.ch:spidersp:021318,JPN,Unknown
Dictynidae,Brommella,punctosparsa,1812137,urn:lsid:nmbe.ch:spidersp:022107,JPN,Male
Dictynidae,Dictyna,felis,2337390,urn:lsid:nmbe.ch:spidersp:022276,JPN,"Female,Unknown"
Dictynidae,Dictyna,foliicola,198410,urn:lsid:nmbe.ch:spidersp:022279,JPN,Unknown
Dictynidae,Dictyna,sp.(OTU0056),2507259,,JPN,Unknown
Dictynidae,Lathys,maculosa,2337449,urn:lsid:nmbe.ch:spidersp:038319,JPN,Male
Dictynidae,Paratheuma,awasensis,2337570,urn:lsid:nmbe.ch:spidersp:045788,JPN,"Female,Unknown"
Dysderidae,Dysdera,sp.(OTU0992),,,ITA,Unknown
Dysderidae,Parachtes,romandiolae,,urn:lsid:nmbe.ch:spidersp:004776,ITA,Unknown
Eresidae,Stegodyphus,sp.(OTU0089),2511319,,MDG,Unknown
Eresidae,Stegodyphus,sp.(OTU0503),2511315,,MDG,Unknown
Filistatidae,Filistata,sp.(OTU0323),,,ITA,Unknown
Filistatidae,Gen.,sp.(OTU0592),2337822,,USA,Unknown
Filistatidae,Kukulcania,hibernalis,268415,urn:lsid:nmbe.ch:spidersp:002583,USA,Unknown
Gallieniellidae,Legendrena,sp.(OTU0838),2511318,,MDG,Male
Gnaphosidae,Callilepis,schuszteri,1871931,urn:lsid:nmbe.ch:spidersp:026723,JPN,Female
Gnaphosidae,Cladothela,auster,2337739,urn:lsid:nmbe.ch:spidersp:026830,JPN,Male
Gnaphosidae,Cladothela,oculinotata,2337740,urn:lsid:nmbe.ch:spidersp:026832,JPN,Female
Gnaphosidae,Cladothela,unciinsignita,2337741,urn:lsid:nmbe.ch:spidersp:026835,JPN,Female
Gnaphosidae,Drassodes,serratidens,1112411,urn:lsid:nmbe.ch:spidersp:026992,JPN,Male
Gnaphosidae,Drassyllus,sanmenensis,2337398,urn:lsid:nmbe.ch:spidersp:027091,JPN,Female
Gnaphosidae,Drassyllus,shaanxiensis,2337399,urn:lsid:nmbe.ch:spidersp:027095,JPN,Female
Gnaphosidae,Gen.,sp.(OTU0546),2337823,,IND,Unknown
Gnaphosidae,Gnaphosa,kamurai,2337419,urn:lsid:nmbe.ch:spidersp:027234,JPN,Unknown
Gnaphosidae,Gnaphosa,kompirensis,1112422,urn:lsid:nmbe.ch:spidersp:027236,JPN,Female
Gnaphosidae,Gnaphosa,primorica,2337420,urn:lsid:nmbe.ch:spidersp:027279,JPN,Male
Gnaphosidae,Haplodrassus,kanenoi,2337430,urn:lsid:nmbe.ch:spidersp:027341,JPN,Male
Gnaphosidae,Hitobia,asiatica,2337752,urn:lsid:nmbe.ch:spidersp:027424,JPN,Unknown
Gnaphosidae,Micaria,dives,1112436,urn:lsid:nmbe.ch:spidersp:027514,JPN,Male
Gnaphosidae,Odontodrassus,hondoensis,795146,urn:lsid:nmbe.ch:spidersp:027660,JPN,Male
Gnaphosidae,Scotophaeus,scutulatus,,urn:lsid:nmbe.ch:spidersp:027899,ITA,Unknown
Gnaphosidae,Sernokorba,pallidipatellis,1112552,urn:lsid:nmbe.ch:spidersp:027935,JPN,Female
Gnaphosidae,Urozelotes,rusticus,2337805,urn:lsid:nmbe.ch:spidersp:028051,JPN,Unknown
Gnaphosidae,Zelotes,asiaticus,2337716,urn:lsid:nmbe.ch:spidersp:028121,JPN,Male
Gnaphosidae,Zelotes,flexuosus,2337717,urn:lsid:nmbe.ch:spidersp:028203,JPN,Male
Gnaphosidae,Zelotes,iriomotensis,2337718,urn:lsid:nmbe.ch:spidersp:028257,JPN,Female
Gnaphosidae,Zelotes,potanini,2507273,urn:lsid:nmbe.ch:spidersp:028349,JPN,Unknown
Hahniidae,Cicurina,japonica,1112397,urn:lsid:nmbe.ch:spidersp:022155,JPN,Unknown
Hahniidae,Gen.,sp.(OTU0179),2507279,,IND,Unknown
Hahniidae,Gen.,sp.(OTU0627),2337824,,CHN,Female
Hahniidae,Hahnia,corticicola,2337425,urn:lsid:nmbe.ch:spidersp:021905,JPN,"Female,Unknown"
Hahniidae,Hahnia,sp.(OTU0101),2337426,,JPN,Female
Hahniidae,Hahnia,tanikawai,2337427,urn:lsid:nmbe.ch:spidersp:048096,JPN,Female
Hahniidae,Hahnia,thorntoni,2337428,urn:lsid:nmbe.ch:spidersp:021970,JPN,Male
Hahniidae,Neoantistea,quelpartensis,1112439,urn:lsid:nmbe.ch:spidersp:022016,JPN,Female
Halonoproctidae,Conothele,fragaria,2337373,urn:lsid:nmbe.ch:spidersp:000614,JPN,Female
Halonoproctidae,Latouchia,hyla,2337450,urn:lsid:nmbe.ch:spidersp:037429,JPN,Unknown
Halonoproctidae,Latouchia,japonica,2337451,urn:lsid:nmbe.ch:spidersp:000554,JPN,Unknown
Halonoproctidae,Latouchia,swinhoei,1649359,urn:lsid:nmbe.ch:spidersp:000557,JPN,Unknown
Halonoproctidae,Latouchia,typica,1649360,urn:lsid:nmbe.ch:spidersp:000558,JPN,Unknown
Hersiliidae,Gen.,sp.(OTU0330),2337826,,AUS,Female
Hersiliidae,Gen.,sp.(OTU1072),2337825,,MYS,Female
Hersiliidae,Hersilia,okinawaensis,2337433,urn:lsid:nmbe.ch:spidersp:006042,JPN,Female
Hersiliidae,Hersilia,yaeyamaensis,2337434,urn:lsid:nmbe.ch:spidersp:006062,JPN,Female
Hexathelidae,Gen.,sp.(OTU0949),2337827,,AUS,Unknown
Idiopidae,Arbanitis,sp.(OTU0711),2337492,,AUS,Unknown
Idiopidae,Arbanitis,sp.(OTU0849),2507263,,AUS,Female
Lamponidae,Lampona,murina,1908323,urn:lsid:nmbe.ch:spidersp:026321,AUS,Female
Leptonetidae,Falcileptoneta,japonica,2337745,urn:lsid:nmbe.ch:spidersp:002956,JPN,Female
Leptonetidae,Gen.,sp.(OTU0688),2337828,,JPN,Unknown
Leptonetidae,Masirana,silvicola,2337756,urn:lsid:nmbe.ch:spidersp:003089,JPN,Female
Linyphiidae,Agyneta,nigra,2337282,urn:lsid:nmbe.ch:spidersp:011679,JPN,Male
Linyphiidae,Ainerigone,saitoi,2337727,urn:lsid:nmbe.ch:spidersp:009371,JPN,Female
Linyphiidae,Arcuphantes,paiki,2337303,urn:lsid:nmbe.ch:spidersp:009481,JPN,Male
Linyphiidae,Arcuphantes,sp.(OTU0993),2337304,,JPN,Female
Linyphiidae,Arcuphantes,tamaensis,2337305,urn:lsid:nmbe.ch:spidersp:009491,JPN,Female
Linyphiidae,Arcuphantes,uenoi,2337306,urn:lsid:nmbe.ch:spidersp:009494,JPN,Female
Linyphiidae,Asperthorax,communis,932985,urn:lsid:nmbe.ch:spidersp:009502,JPN,Female
Linyphiidae,Baryphymula,kamakuraensis,2337735,urn:lsid:nmbe.ch:spidersp:009546,JPN,Unknown
Linyphiidae,Bathyphantes,brevipes,1107573,urn:lsid:nmbe.ch:spidersp:009556,JPN,Female
Linyphiidae,Bathyphantes,gracilis,81839,urn:lsid:nmbe.ch:spidersp:009569,JPN,Female
Linyphiidae,Doenitzius,peniculus,932991,urn:lsid:nmbe.ch:spidersp:010125,JPN,Female
Linyphiidae,Doenitzius,pruvus,932992,urn:lsid:nmbe.ch:spidersp:010126,JPN,Female
Linyphiidae,Drapetisca,socialis,685678,urn:lsid:nmbe.ch:spidersp:010134,GBR,Unknown
Linyphiidae,Erigone,atra,247615,urn:lsid:nmbe.ch:spidersp:010400,JPN,Male
Linyphiidae,Erigone,prominens,430932,urn:lsid:nmbe.ch:spidersp:010490,JPN,Female
Linyphiidae,Floronia,bucculenta,685682,urn:lsid:nmbe.ch:spidersp:010612,GBR,Female
Linyphiidae,Floronia,exornata,2337414,urn:lsid:nmbe.ch:spidersp:010613,JPN,Female
Linyphiidae,Frontinella,pyramitela,329899,urn:lsid:nmbe.ch:spidersp:049627,USA,Female
Linyphiidae,Gen.,sp.(OTU0231),2337829,,JPN,Unknown
Linyphiidae,Gen.,sp.(OTU0305),2507281,,CHN,Male
Linyphiidae,Gen.,sp.(OTU0308),2337838,,GBR,Unknown
Linyphiidae,Gen.,sp.(OTU0336),2337836,,GBR,Female
Linyphiidae,Gen.,sp.(OTU0436),2337830,,USA,Female
Linyphiidae,Gen.,sp.(OTU0516),2337834,,GBR,Female
Linyphiidae,Gen.,sp.(OTU0588),2337840,,JPN,Female
Linyphiidae,Gen.,sp.(OTU0682),2337833,,JPN,Female
Linyphiidae,Gen.,sp.(OTU0687),2337837,,GBR,Unknown
Linyphiidae,Gen.,sp.(OTU0794),2337832,,MYS,Female
Linyphiidae,Gen.,sp.(OTU0879),2337835,,GBR,Female
Linyphiidae,Gen.,sp.(OTU0976),2337839,,JPN,Female
Linyphiidae,Gen.,sp.(OTU1024),2337831,,IND,Unknown
Linyphiidae,Gnathonarium,exsiccatum,2337421,urn:lsid:nmbe.ch:spidersp:010647,JPN,"Male,Female"
Linyphiidae,Gnathonarium,gibberum,2337422,urn:lsid:nmbe.ch:spidersp:010649,JPN,Female
Linyphiidae,Gonatium,japonicum,932965,urn:lsid:nmbe.ch:spidersp:010663,JPN,Male
Linyphiidae,Gonatium,rubellum,685684,urn:lsid:nmbe.ch:spidersp:010672,GBR,Unknown
Linyphiidae,Gongylidioides,cucullatus,2337423,urn:lsid:nmbe.ch:spidersp:010699,JPN,Female
Linyphiidae,Gongylidioides,onoi,2337424,urn:lsid:nmbe.ch:spidersp:010702,JPN,Female
Linyphiidae,Herbiphantes,longiventris,2337749,urn:lsid:nmbe.ch:spidersp:010796,JPN,Unknown
Linyphiidae,Herbiphantes,sp.(OTU0001),2337750,,USA,Unknown
Linyphiidae,Himalaphantes,azumiensis,932994,urn:lsid:nmbe.ch:spidersp:010832,JPN,Female
Linyphiidae,Hylyphantes,graminicola,259057,urn:lsid:nmbe.ch:spidersp:010852,JPN,Female
Linyphiidae,Hylyphantes,tanikawai,2337440,urn:lsid:nmbe.ch:spidersp:037574,JPN,Female
Linyphiidae,Hypselistes,asiaticus,2337441,urn:lsid:nmbe.ch:spidersp:010866,JPN,Female
Linyphiidae,Ketambea,nigripectoris,373621,urn:lsid:nmbe.ch:spidersp:012003,JPN,Female
Linyphiidae,Labulla,thoracica,187159,urn:lsid:nmbe.ch:spidersp:010998,GBR,Male
Linyphiidae,Lepthyphantes,leprosus,932966,urn:lsid:nmbe.ch:spidersp:011212,GBR,Female
Linyphiidae,Lepthyphantes,minutus,187160,urn:lsid:nmbe.ch:spidersp:011245,GBR,Male
Linyphiidae,Linyphia,triangularis,94031,urn:lsid:nmbe.ch:spidersp:011448,GBR,Male
Linyphiidae,Mecopisthes,tokumotoi,2337758,urn:lsid:nmbe.ch:spidersp:011555,JPN,Male
Linyphiidae,Microbathyphantes,tateyamaensis,2337762,urn:lsid:nmbe.ch:spidersp:009600,JPN,Female
Linyphiidae,Nematogmus,sanguinolentus,933002,urn:lsid:nmbe.ch:spidersp:011936,JPN,Female
Linyphiidae,Neriene,albolimbata,1112450,urn:lsid:nmbe.ch:spidersp:011966,JPN,Female
Linyphiidae,Neriene,angulifera,2337514,urn:lsid:nmbe.ch:spidersp:011968,JPN,Female
Linyphiidae,Neriene,brongersmai,2337515,urn:lsid:nmbe.ch:spidersp:011972,JPN,Female
Linyphiidae,Neriene,clathrata,336595,urn:lsid:nmbe.ch:spidersp:011975,JPN,Female
Linyphiidae,Neriene,emphana,373616,urn:lsid:nmbe.ch:spidersp:011982,JPN,Female
Linyphiidae,Neriene,fusca,2337516,urn:lsid:nmbe.ch:spidersp:011985,JPN,Female
Linyphiidae,Neriene,japonica,373617,urn:lsid:nmbe.ch:spidersp:011989,JPN,Female
Linyphiidae,Neriene,limbatinella,373618,urn:lsid:nmbe.ch:spidersp:011995,JPN,Female
Linyphiidae,Neriene,longipedella,373619,urn:lsid:nmbe.ch:spidersp:011998,JPN,Unknown
Linyphiidae,Neriene,marginella,2337517,urn:lsid:nmbe.ch:spidersp:012000,JPN,Female
Linyphiidae,Neriene,oidedicata,373623,urn:lsid:nmbe.ch:spidersp:012007,JPN,"Female,Unknown"
Linyphiidae,Neriene,radiata,187181,urn:lsid:nmbe.ch:spidersp:012009,JPN,"Female,Unknown"
Linyphiidae,Neriene,sp.1,,,JPN,Male
Linyphiidae,Neriene,sp.(OTU0129),2337518,,JPN,Unknown
Linyphiidae,Neriene,sp.(OTU0472),2337519,,JPN,Female
Linyphiidae,Neriene,variabilis,187180,urn:lsid:nmbe.ch:spidersp:012015,USA,Unknown
Linyphiidae,Neserigone,basarukini,2337766,urn:lsid:nmbe.ch:spidersp:012019,JPN,Male
Linyphiidae,Neserigone,nigriterminorum,2337767,urn:lsid:nmbe.ch:spidersp:012020,JPN,Male
Linyphiidae,Oia,imadatei,1663310,urn:lsid:nmbe.ch:spidersp:012137,JPN,Female
Linyphiidae,Oilinyphia,peculiaris,2337773,urn:lsid:nmbe.ch:spidersp:012139,JPN,Female
Linyphiidae,Paikiniana,keikoae,2337557,urn:lsid:nmbe.ch:spidersp:013317,JPN,Female
Linyphiidae,Paikiniana,mira,2337558,urn:lsid:nmbe.ch:spidersp:012191,JPN,Female
Linyphiidae,Paikiniana,vulgaris,2337559,urn:lsid:nmbe.ch:spidersp:012192,JPN,Female
Linyphiidae,Pseudomicrargus,latitegulatus,2337789,urn:lsid:nmbe.ch:spidersp:012470,JPN,Female
Linyphiidae,Ryojius,japonicus,2337638,urn:lsid:nmbe.ch:spidersp:037621,JPN,Female
Linyphiidae,Saaristoa,nipponica,2337639,urn:lsid:nmbe.ch:spidersp:012486,JPN,Female
Linyphiidae,Saitonia,ojiroensis,2337791,urn:lsid:nmbe.ch:spidersp:009442,JPN,Female
Linyphiidae,Solenysa,mellotteei,1663269,urn:lsid:nmbe.ch:spidersp:012675,JPN,Female
Linyphiidae,Solenysa,reflexilis,1663273,urn:lsid:nmbe.ch:spidersp:039975,JPN,Male
Linyphiidae,Strandella,quadrimaculata,2337801,urn:lsid:nmbe.ch:spidersp:012771,JPN,Female
Linyphiidae,Syedra,oii,933016,urn:lsid:nmbe.ch:spidersp:012789,JPN,Female
Linyphiidae,Tapinopa,guttata,933018,urn:lsid:nmbe.ch:spidersp:012857,JPN,Female
Linyphiidae,Tenuiphantes,flavipes,1872005,urn:lsid:nmbe.ch:spidersp:012874,GBR,Male
Linyphiidae,Tenuiphantes,tenuis,81837,urn:lsid:nmbe.ch:spidersp:012897,GBR,Female
Linyphiidae,Turinyphia,yunohamensis,2337803,urn:lsid:nmbe.ch:spidersp:013148,JPN,"Male,Female,Unknown"
Linyphiidae,Ummeliata,insecticeps,447592,urn:lsid:nmbe.ch:spidersp:013207,JPN,Female
Linyphiidae,Ummeliata,osakaensis,2337696,urn:lsid:nmbe.ch:spidersp:013209,JPN,Female
Linyphiidae,Ummeliata,sp.(OTU0508),2337697,,JPN,Unknown
Linyphiidae,Walckenaeria,golovatchi,2337699,urn:lsid:nmbe.ch:spidersp:013301,JPN,Male
Liocranidae,Agroeca,coreana,2337280,urn:lsid:nmbe.ch:spidersp:024145,JPN,Unknown
Liocranidae,Agroeca,kamurai,2337281,urn:lsid:nmbe.ch:spidersp:024155,JPN,Female
Liphistiidae,Heptathela,amamiensis,1649353,urn:lsid:nmbe.ch:spidersp:000002,JPN,Female
Liphistiidae,Heptathela,helios,1481655,urn:lsid:nmbe.ch:spidersp:047369,JPN,Female
Liphistiidae,Heptathela,higoensis,1649354,urn:lsid:nmbe.ch:spidersp:000008,JPN,"Male,Unknown"
Liphistiidae,Heptathela,kikuyai,1649356,urn:lsid:nmbe.ch:spidersp:000014,JPN,Female
Liphistiidae,Heptathela,kimurai,88333,urn:lsid:nmbe.ch:spidersp:000015,JPN,Female
Liphistiidae,Heptathela,yakushimaensis,1649357,urn:lsid:nmbe.ch:spidersp:000028,JPN,Female
Liphistiidae,Heptathela,yanbaruensis,1285379,urn:lsid:nmbe.ch:spidersp:000016,JPN,"Male,Female,Unknown"
Liphistiidae,Liphistius,murphyorum,1795288,urn:lsid:nmbe.ch:spidersp:000053,MYS,Unknown
Liphistiidae,Ryuthela,ishigakiensis,1285378,urn:lsid:nmbe.ch:spidersp:000011,JPN,Female
Liphistiidae,Ryuthela,nishihirai,197039,urn:lsid:nmbe.ch:spidersp:000017,JPN,"Female,Unknown"
Liphistiidae,Ryuthela,sasakii,1285377,urn:lsid:nmbe.ch:spidersp:000020,JPN,Female
Lycosidae,Alopecosa,moriutii,332767,urn:lsid:nmbe.ch:spidersp:017458,JPN,Unknown
Lycosidae,Alopecosa,pulverulenta,75003,urn:lsid:nmbe.ch:spidersp:017479,GBR,Female
Lycosidae,Alopecosa,virgata,1112378,urn:lsid:nmbe.ch:spidersp:017518,JPN,Female
Lycosidae,Arctosa,depectinata,2337300,urn:lsid:nmbe.ch:spidersp:017569,JPN,"Female,Unknown"
Lycosidae,Arctosa,ebicha,332771,urn:lsid:nmbe.ch:spidersp:017573,JPN,Female
Lycosidae,Arctosa,fujiii,2337301,urn:lsid:nmbe.ch:spidersp:017582,JPN,"Female,Unknown"
Lycosidae,Arctosa,ipsa,795142,urn:lsid:nmbe.ch:spidersp:017597,JPN,"Male,Female"
Lycosidae,Arctosa,kawabe,2337302,urn:lsid:nmbe.ch:spidersp:017602,JPN,Female
Lycosidae,Arctosa,laminata,330954,urn:lsid:nmbe.ch:spidersp:017619,JPN,Unknown
Lycosidae,Arctosa,stigmosa,332775,urn:lsid:nmbe.ch:spidersp:017679,JPN,Female
Lycosidae,Gen.,sp.(OTU0028),2337842,,IND,"Male,Female"
Lycosidae,Gen.,sp.(OTU0498),2337846,,AUS,Male
Lycosidae,Gen.,sp.(OTU0763),2337848,,AUS,Female
Lycosidae,Gen.,sp.(OTU0833),2337845,,AUS,Unknown
Lycosidae,Gen.,sp.(OTU0927),2337844,,IND,Male
Lycosidae,Gen.,sp.(OTU0942),2337843,,IND,Female
Lycosidae,Gen.,sp.(OTU0995),2337847,,AUS,Unknown
Lycosidae,Hippasa,lingxianensis,2337436,urn:lsid:nmbe.ch:spidersp:047791,JPN,Female
Lycosidae,Hygrolycosa,umidicola,2337438,urn:lsid:nmbe.ch:spidersp:018168,JPN,Male
Lycosidae,Lycosa,coelestis,93699,urn:lsid:nmbe.ch:spidersp:018221,JPN,"Female,Unknown"
Lycosidae,Lycosa,ishikariana,1968435,urn:lsid:nmbe.ch:spidersp:018288,JPN,Unknown
Lycosidae,Lycosa,suzukii,332794,urn:lsid:nmbe.ch:spidersp:018408,JPN,Female
Lycosidae,Pardosa,agraria,317849,urn:lsid:nmbe.ch:spidersp:018729,JPN,Female
Lycosidae,Pardosa,albomarginata,2337572,urn:lsid:nmbe.ch:spidersp:047197,JPN,Female
Lycosidae,Pardosa,astrigera,317848,urn:lsid:nmbe.ch:spidersp:018534,JPN,"Female,Unknown"
Lycosidae,Pardosa,brevivulva,332802,urn:lsid:nmbe.ch:spidersp:018561,JPN,Female
Lycosidae,Pardosa,graminea,2337573,urn:lsid:nmbe.ch:spidersp:018669,JPN,Female
Lycosidae,Pardosa,hedini,332807,urn:lsid:nmbe.ch:spidersp:018678,JPN,Female
Lycosidae,Pardosa,isago,332808,urn:lsid:nmbe.ch:spidersp:018702,JPN,Male
Lycosidae,Pardosa,jambaruensis,385231,urn:lsid:nmbe.ch:spidersp:018706,JPN,Unknown
Lycosidae,Pardosa,laevitarsis,2337574,urn:lsid:nmbe.ch:spidersp:018723,JPN,Unknown
Lycosidae,Pardosa,laura,317849,urn:lsid:nmbe.ch:spidersp:018729,JPN,"Male,Female"
Lycosidae,Pardosa,lugubris,74994,urn:lsid:nmbe.ch:spidersp:018747,GBR,Female
Lycosidae,Pardosa,nojimai,2337575,urn:lsid:nmbe.ch:spidersp:018813,JPN,Female
Lycosidae,Pardosa,oriens,2337576,urn:lsid:nmbe.ch:spidersp:018830,JPN,Unknown
Lycosidae,Pardosa,pseudoannulata,330961,urn:lsid:nmbe.ch:spidersp:018875,JPN,Female
Lycosidae,Pardosa,pullata,74988,urn:lsid:nmbe.ch:spidersp:018881,GBR,Female
Lycosidae,Pardosa,sp.(OTU0693),2337577,,MYS,Male
Lycosidae,Pardosa,sp.(OTU0827),2507268,,IND,Unknown
Lycosidae,Pardosa,takahashii,93703,urn:lsid:nmbe.ch:spidersp:018955,JPN,"Female,Unknown"
Lycosidae,Pardosa,yaginumai,2337578,urn:lsid:nmbe.ch:spidersp:019024,JPN,"Male,Female"
Lycosidae,Pirata,piraticus,527278,urn:lsid:nmbe.ch:spidersp:019101,CHN,Unknown
Lycosidae,Pirata,sp.(OTU0246),2337601,,JPN,Male
Lycosidae,Pirata,subpiraticus,330951,urn:lsid:nmbe.ch:spidersp:019120,JPN,Unknown
Lycosidae,Piratula,clercki,2337602,urn:lsid:nmbe.ch:spidersp:019068,JPN,Female
Lycosidae,Piratula,iriomotensis,2337603,urn:lsid:nmbe.ch:spidersp:019082,JPN,"Male,Female,Unknown"
Lycosidae,Piratula,piratoides,332811,urn:lsid:nmbe.ch:spidersp:019103,JPN,Female
Lycosidae,Piratula,procurva,330950,urn:lsid:nmbe.ch:spidersp:019106,JPN,Female
Lycosidae,Piratula,tanakai,1112473,urn:lsid:nmbe.ch:spidersp:019123,JPN,Female
Lycosidae,Piratula,yaginumai,1112474,urn:lsid:nmbe.ch:spidersp:019136,JPN,Female
Lycosidae,Piratula,yesoensis,2337604,urn:lsid:nmbe.ch:spidersp:019137,JPN,Female
Lycosidae,Rabidosa,rabida,329903,urn:lsid:nmbe.ch:spidersp:019170,USA,Unknown
Lycosidae,Tasmanicosa,godeffroyi,181848,urn:lsid:nmbe.ch:spidersp:018260,AUS,Unknown
Lycosidae,Tigrosa,aspersa,1699004,urn:lsid:nmbe.ch:spidersp:017937,USA,Female
Lycosidae,Tigrosa,sp.(OTU1008),2507271,,USA,Unknown
Lycosidae,Trochosa,aquatica,330966,urn:lsid:nmbe.ch:spidersp:019277,JPN,Unknown
Lycosidae,Trochosa,ruricola,330967,urn:lsid:nmbe.ch:spidersp:019347,JPN,Female
Lycosidae,Trochosa,terricola,74993,urn:lsid:nmbe.ch:spidersp:019359,JPN,Male
Lycosidae,Venonia,sp.(OTU0807),2507272,,MYS,Unknown
Lycosidae,Wadicosa,okinawensis,2337698,urn:lsid:nmbe.ch:spidersp:040932,JPN,"Female,Unknown"
Lycosidae,Xerolycosa,nemoralis,74998,urn:lsid:nmbe.ch:spidersp:019413,JPN,Unknown
Macrothelidae,Macrothele,amamiensis,1529492,urn:lsid:nmbe.ch:spidersp:000185,JPN,Female
Macrothelidae,Macrothele,gigas,223896,urn:lsid:nmbe.ch:spidersp:000190,JPN,Unknown
Macrothelidae,Macrothele,yaginumai,1518525,urn:lsid:nmbe.ch:spidersp:000204,JPN,Female
Mimetidae,Australomimetus,japonicus,2337320,urn:lsid:nmbe.ch:spidersp:005758,JPN,Unknown
Mimetidae,Ero,cambridgei,1906998,urn:lsid:nmbe.ch:spidersp:005668,JPN,Female
Mimetidae,Ero,japonica,1112516,urn:lsid:nmbe.ch:spidersp:005682,JPN,Female
Mimetidae,Mimetus,ryukyus,2337490,urn:lsid:nmbe.ch:spidersp:005777,JPN,"Male,Female"
Mimetidae,Mimetus,sp.(OTU0733),2337491,,USA,Female
Mimetidae,Mimetus,testaceus,1112437,urn:lsid:nmbe.ch:spidersp:005784,JPN,Female
Miturgidae,Prochora,praticola,2337785,urn:lsid:nmbe.ch:spidersp:024226,JPN,"Female,Unknown"
Mysmenidae,Microdipoena,ogatai,2337488,urn:lsid:nmbe.ch:spidersp:041322,JPN,Male
Mysmenidae,Microdipoena,pseudojobi,2337489,urn:lsid:nmbe.ch:spidersp:041956,JPN,Female
Mysmenidae,Mysmena,sp.(OTU0152),2507264,,CHN,Unknown
Nemesiidae,Sinopesa,kumensis,2337795,urn:lsid:nmbe.ch:spidersp:036943,JPN,Unknown
Nesticidae,Nesticella,brevipes,1112534,urn:lsid:nmbe.ch:spidersp:006595,JPN,Female
Nesticidae,Nesticus,yesoensis,2337521,urn:lsid:nmbe.ch:spidersp:006739,JPN,Female
Nicodamidae,Ambicodamus,sp.(OTU0669),2337284,,AUS,Male
Ochyroceratidae,Speocera,laureata,2337797,urn:lsid:nmbe.ch:spidersp:003228,JPN,Unknown
Oecobiidae,Oecobius,navus,1506264,urn:lsid:nmbe.ch:spidersp:005955,JPN,Unknown
Oecobiidae,Oecobius,sp.(OTU0418),2507267,,MYS,Unknown
Oecobiidae,Uroctea,compactilis,348714,urn:lsid:nmbe.ch:spidersp:005987,JPN,"Male,Female,Unknown"
Oonopidae,Gamasomorpha,cataphracta,2337747,urn:lsid:nmbe.ch:spidersp:004876,JPN,Female
Oonopidae,Ischnothyreus,narutomii,2337444,urn:lsid:nmbe.ch:spidersp:004948,JPN,Female
Oonopidae,Opopaea,syarakui,2337532,urn:lsid:nmbe.ch:spidersp:005101,JPN,Female
Oonopidae,Orchestina,okitsui,2337533,urn:lsid:nmbe.ch:spidersp:005119,JPN,Female
Oonopidae,Orchestina,sanguinea,2337534,urn:lsid:nmbe.ch:spidersp:005125,JPN,Female
Oonopidae,Xyphinus,karschi,2337703,urn:lsid:nmbe.ch:spidersp:005142,JPN,Male
Oxyopidae,Hamataliwa,sp.(OTU1082),2337429,,IND,Unknown
Oxyopidae,Oxyopes,birmanicus,426825,urn:lsid:nmbe.ch:spidersp:019933,MYS,Unknown
Oxyopidae,Oxyopes,koreanus,2337545,urn:lsid:nmbe.ch:spidersp:020020,JPN,Female
Oxyopidae,Oxyopes,licenti,1112454,urn:lsid:nmbe.ch:spidersp:020028,JPN,Unknown
Oxyopidae,Oxyopes,macilentus,2337546,urn:lsid:nmbe.ch:spidersp:020041,JPN,"Female,Unknown"
Oxyopidae,Oxyopes,sertatus,93706,urn:lsid:nmbe.ch:spidersp:020116,JPN,Female
Oxyopidae,Oxyopes,sp.(OTU0746),2337548,,AUS,Unknown
Oxyopidae,Oxyopes,sp.(OTU0880),2337549,,AUS,Female
Oxyopidae,Oxyopes,sp.(OTU0943),2337547,,MYS,Female
Oxyopidae,Peucetia,sp.(OTU1041),2511316,,MDG,Female
Oxyopidae,Peucetia,viridans,593451,urn:lsid:nmbe.ch:spidersp:020215,USA,Unknown
Philodromidae,Philodromus,aureolus,400960,urn:lsid:nmbe.ch:spidersp:029754,JPN,Female
Philodromidae,Philodromus,auricomus,2337582,urn:lsid:nmbe.ch:spidersp:029755,JPN,Male
Philodromidae,Philodromus,cespitum,336569,urn:lsid:nmbe.ch:spidersp:029784,JPN,Female
Philodromidae,Philodromus,emarginatus,2337583,urn:lsid:nmbe.ch:spidersp:029812,JPN,Unknown
Philodromidae,Philodromus,marxi,1109749,urn:lsid:nmbe.ch:spidersp:029876,USA,Male
Philodromidae,Philodromus,rufus,336570,urn:lsid:nmbe.ch:spidersp:029935,JPN,Unknown
Philodromidae,Philodromus,spinitarsis,1112462,urn:lsid:nmbe.ch:spidersp:029952,JPN,"Male,Female"
Philodromidae,Philodromus,sp.(OTU0281),2337584,,JPN,Unknown
Philodromidae,Philodromus,subaureolus,1112463,urn:lsid:nmbe.ch:spidersp:029954,JPN,"Female,Unknown"
Philodromidae,Philodromus,vulgaris,336604,urn:lsid:nmbe.ch:spidersp:029971,USA,Female
Philodromidae,Thanatus,bungei,1698931,urn:lsid:nmbe.ch:spidersp:029996,JPN,Female
Philodromidae,Thanatus,miniaceus,795141,urn:lsid:nmbe.ch:spidersp:030038,JPN,Unknown
Philodromidae,Thanatus,nipponicus,2337677,urn:lsid:nmbe.ch:spidersp:030045,JPN,"Female,Unknown"
Philodromidae,Tibellus,fengi,2337689,urn:lsid:nmbe.ch:spidersp:030092,JPN,Female
Philodromidae,Tibellus,japonicus,1112497,urn:lsid:nmbe.ch:spidersp:030097,JPN,Male
Philodromidae,Tibellus,oblongus,336685,urn:lsid:nmbe.ch:spidersp:030106,JPN,Female
Pholcidae,Artema,atlanta,280365,urn:lsid:nmbe.ch:spidersp:003327,IND,Unknown
Pholcidae,Belisana,akebona,1184438,urn:lsid:nmbe.ch:spidersp:003892,JPN,Female
Pholcidae,Belisana,junkoae,2068853,urn:lsid:nmbe.ch:spidersp:003912,JPN,Female
Pholcidae,Crossopriza,lyoni,280402,urn:lsid:nmbe.ch:spidersp:003389,"IND,MYS",Unknown
Pholcidae,Gen.,sp.(OTU0023),2337849,,IND,Unknown
Pholcidae,Holocnemus,pluchei,,urn:lsid:nmbe.ch:spidersp:003407,ITA,Unknown
Pholcidae,Leptopholcus,tanikawai,2337453,urn:lsid:nmbe.ch:spidersp:003440,JPN,Unknown
Pholcidae,Pholcus,crypticolens,348713,urn:lsid:nmbe.ch:spidersp:003692,JPN,"Male,Female,Unknown"
Pholcidae,Pholcus,nagasakiensis,2337590,urn:lsid:nmbe.ch:spidersp:003737,JPN,Female
Pholcidae,Pholcus,opilionoides,280423,urn:lsid:nmbe.ch:spidersp:003739,JPN,Female
Pholcidae,Pholcus,otomi,1184331,urn:lsid:nmbe.ch:spidersp:044815,JPN,Female
Pholcidae,Pholcus,phalangioides,6932,urn:lsid:nmbe.ch:spidersp:003744,"AUS,JPN","Female,Unknown"
Pholcidae,Pholcus,sp.(OTU0023),2337591,,IND,Unknown
Pholcidae,Smeringopus,pallidus,394087,urn:lsid:nmbe.ch:spidersp:003882,JPN,Female
Pholcidae,Spermophora,senoculata,280438,urn:lsid:nmbe.ch:spidersp:003927,JPN,Female
Phrurolithidae,Otacilia,komurai,2337540,urn:lsid:nmbe.ch:spidersp:024322,JPN,"Male,Female"
Phrurolithidae,Otacilia,luna,2337541,urn:lsid:nmbe.ch:spidersp:024326,JPN,Female
Phrurolithidae,Otacilia,lynx,2337542,urn:lsid:nmbe.ch:spidersp:024328,JPN,Female
Phrurolithidae,Otacilia,stella,2337543,urn:lsid:nmbe.ch:spidersp:040364,JPN,Male
Phrurolithidae,Otacilia,taiwanica,2337544,urn:lsid:nmbe.ch:spidersp:024353,JPN,Male
Phrurolithidae,Phrurolithus,claripes,2337593,urn:lsid:nmbe.ch:spidersp:024298,JPN,Female
Phrurolithidae,Phrurolithus,coreanus,2337594,urn:lsid:nmbe.ch:spidersp:024302,JPN,Male
Phrurolithidae,Phrurolithus,labialis,2337595,urn:lsid:nmbe.ch:spidersp:024323,JPN,Female
Phrurolithidae,Phrurolithus,nipponicus,2337596,urn:lsid:nmbe.ch:spidersp:024333,JPN,"Male,Female"
Phrurolithidae,Phrurolithus,pennatus,2337597,urn:lsid:nmbe.ch:spidersp:024338,JPN,Female
Pimoidae,Weintrauboa,contortipes,2337700,urn:lsid:nmbe.ch:spidersp:010992,JPN,Female
Pimoidae,Weintrauboa,insularis,2337701,urn:lsid:nmbe.ch:spidersp:010996,JPN,Female
Pisauridae,Dolomedes,angustivirgatus,492287,urn:lsid:nmbe.ch:spidersp:042002,JPN,Unknown
Pisauridae,Dolomedes,fontus,492286,urn:lsid:nmbe.ch:spidersp:042001,JPN,Unknown
Pisauridae,Dolomedes,horishanus,492291,urn:lsid:nmbe.ch:spidersp:019612,JPN,Female
Pisauridae,Dolomedes,japonicus,492284,urn:lsid:nmbe.ch:spidersp:019618,JPN,Unknown
Pisauridae,Dolomedes,orion,492285,urn:lsid:nmbe.ch:spidersp:038694,JPN,"Female,Unknown"
Pisauridae,Dolomedes,pegasus,1125757,urn:lsid:nmbe.ch:spidersp:045613,JPN,Female
Pisauridae,Dolomedes,raptor,93702,urn:lsid:nmbe.ch:spidersp:019645,JPN,"Male,Female,Unknown"
Pisauridae,Dolomedes,saganus,492289,urn:lsid:nmbe.ch:spidersp:019647,JPN,"Female,Unknown"
Pisauridae,Dolomedes,senilis,1125756,urn:lsid:nmbe.ch:spidersp:019651,JPN,Unknown
Pisauridae,Dolomedes,silvicola,492290,urn:lsid:nmbe.ch:spidersp:042003,JPN,"Male,Female,Unknown"
Pisauridae,Dolomedes,sp.(OTU0747),2337394,,USA,Male
Pisauridae,Dolomedes,sp.(OTU0874),2337395,,MYS,Male
Pisauridae,Dolomedes,sp.(OTU0913),2337396,,AUS,Female
Pisauridae,Dolomedes,sp.(OTU1011),2337393,,USA,Unknown
Pisauridae,Dolomedes,sulfureus,492288,urn:lsid:nmbe.ch:spidersp:019661,JPN,"Female,Unknown"
Pisauridae,Dolomedes,yawatai,492292,urn:lsid:nmbe.ch:spidersp:037734,JPN,Unknown
Pisauridae,Dolomedes,zatsun,1125759,urn:lsid:nmbe.ch:spidersp:038695,JPN,Unknown
Pisauridae,Gen.,sp.(OTU0520),2337851,,IND,Unknown
Pisauridae,Gen.,sp.(OTU0529),2511326,,MDG,Female
Pisauridae,Gen.,sp.(OTU0864),2337850,,IND,Unknown
Pisauridae,Hygropoda,higenaga,492323,urn:lsid:nmbe.ch:spidersp:019701,JPN,Female
Pisauridae,Hygropoda,sp.1,,,MYS,Unknown
Pisauridae,Hygropoda,sp.(OTU0732),2337439,,MYS,Unknown
Pisauridae,Perenethis,venusta,2337580,urn:lsid:nmbe.ch:spidersp:019745,JPN,Unknown
Pisauridae,Pisaura,bicornis,2337605,urn:lsid:nmbe.ch:spidersp:019751,JPN,Female
Pisauridae,Pisaura,lama,1112544,urn:lsid:nmbe.ch:spidersp:019757,JPN,"Female,Unknown"
Pisauridae,Pisaura,mirabilis,1155755,urn:lsid:nmbe.ch:spidersp:019759,GBR,Female
Pisauridae,Pisaura,sp.(OTU0767),2511317,,MDG,Female
Pisauridae,Pisaura,sp.(OTU1076),2511320,,MDG,Female
Psechridae,Psechrus,sp.(OTU0207),2337621,,MYS,Unknown
Psechridae,Psechrus,sp.(OTU0614),2337623,,MYS,Unknown
Psechridae,Psechrus,sp.(OTU1056),2337622,,IND,Unknown
Salticidae,Apricia,jovialis,2337733,urn:lsid:nmbe.ch:spidersp:032568,AUS,Male
Salticidae,Asemonea,tanikawai,2337316,urn:lsid:nmbe.ch:spidersp:032355,JPN,Unknown
Salticidae,Asianellus,festivus,795152,urn:lsid:nmbe.ch:spidersp:032366,JPN,Male
Salticidae,Attulus,avocator,2337317,urn:lsid:nmbe.ch:spidersp:036208,JPN,Male
Salticidae,Attulus,penicillatus,2337318,urn:lsid:nmbe.ch:spidersp:036255,JPN,Male
Salticidae,Bavia,sexpunctata,2337325,urn:lsid:nmbe.ch:spidersp:032464,JPN,Male
Salticidae,Bristowia,heterospinosa,2337326,urn:lsid:nmbe.ch:spidersp:032587,JPN,Unknown
Salticidae,Bristowia,sp.(OTU0375),2337660,,JPN,Unknown
Salticidae,Burmattus,pococki,2337327,urn:lsid:nmbe.ch:spidersp:032593,JPN,Female
Salticidae,Carrhotus,sp.(OTU0284),2337329,,MYS,Unknown
Salticidae,Carrhotus,sp.(OTU0642),2337863,,IND,Unknown
Salticidae,Carrhotus,sp.(OTU0899),2337330,,JPN,Unknown
Salticidae,Carrhotus,viduus,2337862,urn:lsid:nmbe.ch:spidersp:032634,IND,Female
Salticidae,Carrhotus,xanthogramma,1112393,urn:lsid:nmbe.ch:spidersp:032635,JPN,"Male,Female,Unknown"
Salticidae,Chinattus,furcatus,2337341,urn:lsid:nmbe.ch:spidersp:032710,JPN,Male
Salticidae,Chinattus,ogatai,2337342,urn:lsid:nmbe.ch:spidersp:047484,JPN,Female
Salticidae,Cosmophasis,lami,1902176,urn:lsid:nmbe.ch:spidersp:032948,JPN,Unknown
Salticidae,Epeus,sumatranus,2337403,urn:lsid:nmbe.ch:spidersp:044962,MYS,Male
Salticidae,Euophrys,kataokai,2337408,urn:lsid:nmbe.ch:spidersp:033282,JPN,Female
Salticidae,Evarcha,albaria,1112420,urn:lsid:nmbe.ch:spidersp:033379,JPN,"Male,Female,Unknown"
Salticidae,Evarcha,falcata,500641,urn:lsid:nmbe.ch:spidersp:033396,GBR,Female
Salticidae,Evarcha,fasciata,2337411,urn:lsid:nmbe.ch:spidersp:033399,JPN,Male
Salticidae,Evarcha,flavocincta,2337412,urn:lsid:nmbe.ch:spidersp:033400,IND,Unknown
Salticidae,Evarcha,proszynskii,527272,urn:lsid:nmbe.ch:spidersp:033426,JPN,Male
Salticidae,Evarcha,selenaria,2337413,urn:lsid:nmbe.ch:spidersp:045611,JPN,"Male,Female"
Salticidae,Evarcha,sp.(OTU0412),2507261,,CHN,Male
Salticidae,Gedea,okinawaensis,2337417,urn:lsid:nmbe.ch:spidersp:046478,JPN,Female
Salticidae,Gen.,sp.(OTU0003),2337869,,JPN,Unknown
Salticidae,Gen.,sp.(OTU0037),2337859,,IND,Unknown
Salticidae,Gen.,sp.(OTU0169),2337866,,JPN,Female
Salticidae,Gen.,sp.(OTU0219),2337860,,IND,Unknown
Salticidae,Gen.,sp.(OTU0422),2337861,,IND,Unknown
Salticidae,Gen.,sp.(OTU0527),2337864,,IND,Unknown
Salticidae,Gen.,sp.(OTU0652),2507283,,AUS,Female
Salticidae,Gen.,sp.(OTU0816),2337853,,MYS,Unknown
Salticidae,Hakka,himeshimensis,1112520,urn:lsid:nmbe.ch:spidersp:035795,JPN,Female
Salticidae,Harmochirus,insulanus,2337431,urn:lsid:nmbe.ch:spidersp:033697,JPN,"Male,Female"
Salticidae,Hasarius,adansoni,243517,urn:lsid:nmbe.ch:spidersp:033705,"JPN,MYS","Male,Female,Unknown"
Salticidae,Helicius,yaginumai,1487931,urn:lsid:nmbe.ch:spidersp:033736,JPN,Male
Salticidae,Heliophanus,ussuricus,1112424,urn:lsid:nmbe.ch:spidersp:033865,JPN,Female
Salticidae,Helpis,minitabunda,243473,urn:lsid:nmbe.ch:spidersp:033874,AUS,Female
Salticidae,Hentzia,mitrata,336589,urn:lsid:nmbe.ch:spidersp:033893,USA,Male
Salticidae,Holoplatys,planissima,1908313,urn:lsid:nmbe.ch:spidersp:033960,AUS,Male
Salticidae,Holoplatys,sp.(OTU0006),2337437,,AUS,Male
Salticidae,Idastrandia,sp.(OTU0841),2337443,,MYS,Female
Salticidae,Jerzego,sp.(OTU0891),2337856,,MYS,Unknown
Salticidae,Laufeia,aenea,2337452,urn:lsid:nmbe.ch:spidersp:034214,JPN,"Male,Unknown"
Salticidae,Leptofreya,ambigua,2337857,urn:lsid:nmbe.ch:spidersp:033247,USA,Female
Salticidae,Ligonipes,sp.(OTU0548),2337459,,AUS,Unknown
Salticidae,Maevia,inclemens,1107686,urn:lsid:nmbe.ch:spidersp:034384,USA,Male
Salticidae,Marpissa,mashibarai,2337470,urn:lsid:nmbe.ch:spidersp:046477,JPN,Unknown
Salticidae,Marpissa,milleri,1112432,urn:lsid:nmbe.ch:spidersp:034474,JPN,"Female,Unknown"
Salticidae,Marpissa,pulla,2337471,urn:lsid:nmbe.ch:spidersp:034485,JPN,Female
Salticidae,Marpissa,yawatai,2337472,urn:lsid:nmbe.ch:spidersp:046732,JPN,Male
Salticidae,Mendoza,canestrinii,1112528,urn:lsid:nmbe.ch:spidersp:034522,JPN,"Male,Unknown"
Salticidae,Mendoza,elongata,1112529,urn:lsid:nmbe.ch:spidersp:034524,JPN,"Male,Female,Unknown"
Salticidae,Mendoza,ibarakiensis,2337473,urn:lsid:nmbe.ch:spidersp:034525,JPN,Female
Salticidae,Mendoza,sp.(OTU0749),2337474,,JPN,Unknown
Salticidae,Menemerus,bivittatus,243447,urn:lsid:nmbe.ch:spidersp:034535,MYS,Male
Salticidae,Menemerus,fulvus,1112433,urn:lsid:nmbe.ch:spidersp:034554,JPN,"Male,Female"
Salticidae,Menemerus,sp.(OTU0290),2337475,,IND,Unknown
Salticidae,Myrmarachne,elongata,2337497,urn:lsid:nmbe.ch:spidersp:034773,JPN,Male
Salticidae,Myrmarachne,formicaria,1593253,urn:lsid:nmbe.ch:spidersp:034782,JPN,Unknown
Salticidae,Myrmarachne,inermichelis,2337498,urn:lsid:nmbe.ch:spidersp:034803,JPN,Unknown
Salticidae,Myrmarachne,japonica,1112438,urn:lsid:nmbe.ch:spidersp:034810,JPN,"Male,Female"
Salticidae,Myrmarachne,melanocephala,1955210,urn:lsid:nmbe.ch:spidersp:034850,JPN,Male
Salticidae,Myrmarachne,robusta,2337499,urn:lsid:nmbe.ch:spidersp:034893,IND,Unknown
Salticidae,Myrmarachne,sp.(OTU0607),2337501,,MYS,Unknown
Salticidae,Myrmarachne,sp.(OTU0797),2337500,,IND,Unknown
Salticidae,Nandicius,kimjoopili,2337764,urn:lsid:nmbe.ch:spidersp:033735,JPN,Female
Salticidae,Neon,minutus,2337502,urn:lsid:nmbe.ch:spidersp:034967,JPN,Female
Salticidae,Nungia,epigynalis,1560444,urn:lsid:nmbe.ch:spidersp:035015,JPN,Female
Salticidae,Ocrisiona,sp.(OTU0716),2337522,,AUS,Unknown
Salticidae,Onomastus,kanoi,2337531,urn:lsid:nmbe.ch:spidersp:035047,JPN,Unknown
Salticidae,Opisthoncus,sp.(OTU0944),2337867,,AUS,Female
Salticidae,Orienticius,vulpes,2337781,urn:lsid:nmbe.ch:spidersp:035838,JPN,Female
Salticidae,Pancorius,crassipes,2337560,urn:lsid:nmbe.ch:spidersp:033391,JPN,Female
Salticidae,Pancorius,sp.(OTU0277),2337561,,MYS,Female
Salticidae,Pancorius,submontanus,2337562,urn:lsid:nmbe.ch:spidersp:035150,JPN,"Male,Female"
Salticidae,Parabathippus,sp.(OTU0185),2337854,,MYS,Unknown
Salticidae,Phaeacius,sp.(OTU0168),2507282,,MYS,Female
Salticidae,Phidippus,clarus,336602,urn:lsid:nmbe.ch:spidersp:035446,USA,Unknown
Salticidae,Phidippus,sp.(OTU0259),2337858,,USA,Unknown
Salticidae,Phintella,abnormis,1112464,urn:lsid:nmbe.ch:spidersp:035522,JPN,Unknown
Salticidae,Phintella,arenicolor,1112465,urn:lsid:nmbe.ch:spidersp:035527,JPN,"Female,Unknown"
Salticidae,Phintella,bifurcilinea,1774218,urn:lsid:nmbe.ch:spidersp:035531,JPN,"Female,Unknown"
Salticidae,Phintella,linea,1112467,urn:lsid:nmbe.ch:spidersp:035543,JPN,Male
Salticidae,Phintella,sp.(OTU0126),2337589,,JPN,Unknown
Salticidae,Phintelloides,versicolor,388273,urn:lsid:nmbe.ch:spidersp:035557,JPN,"Male,Female"
Salticidae,Phlegra,sp.(OTU0760),2337852,,JPN,Male
Salticidae,Platycryptus,undatus,153429,urn:lsid:nmbe.ch:spidersp:035634,USA,Male
Salticidae,Plexippoides,annulipedis,2337868,urn:lsid:nmbe.ch:spidersp:035637,JPN,Male
Salticidae,Plexippoides,doenitzi,1112547,urn:lsid:nmbe.ch:spidersp:035642,JPN,"Male,Female,Unknown"
Salticidae,Plexippus,paykulli,243411,urn:lsid:nmbe.ch:spidersp:035670,"IND,JPN","Female,Unknown"
Salticidae,Plexippus,setipes,303591,urn:lsid:nmbe.ch:spidersp:035680,"CHN,JPN",Female
Salticidae,Plexippus,sp.(OTU0291),2337614,,MYS,Unknown
Salticidae,Portia,fimbriata,426831,urn:lsid:nmbe.ch:spidersp:035712,JPN,"Male,Female"
Salticidae,Portia,sp.(OTU0423),2337617,,MYS,Unknown
Salticidae,Portia,sp.(OTU0681),2337618,,MYS,Unknown
Salticidae,Portia,sp.(OTU0744),2337619,,IND,Unknown
Salticidae,Portia,sp.(OTU0971),2337620,,MYS,Female
Salticidae,Pseudicius,tokaraensis,2337777,urn:lsid:nmbe.ch:spidersp:035833,JPN,Female
Salticidae,Rhene,albigera,2337628,urn:lsid:nmbe.ch:spidersp:035882,JPN,Female
Salticidae,Rhene,atrata,1112477,urn:lsid:nmbe.ch:spidersp:035883,JPN,Unknown
Salticidae,Rhene,sp.1,,,JPN,Unknown
Salticidae,Rhene,sp.(OTU0145),2337629,,JPN,Unknown
Salticidae,Servaea,incana,1049201,urn:lsid:nmbe.ch:spidersp:036129,AUS,Female
Salticidae,Sibianor,pullus,1112479,urn:lsid:nmbe.ch:spidersp:033703,JPN,"Female,Unknown"
Salticidae,Siler,collingwoodi,2337645,urn:lsid:nmbe.ch:spidersp:036157,JPN,Unknown
Salticidae,Siler,cupreus,1112554,urn:lsid:nmbe.ch:spidersp:036158,JPN,"Male,Female"
Salticidae,Siler,sp.(OTU1055),2337646,,IND,Unknown
Salticidae,Spartaeus,bani,2337653,urn:lsid:nmbe.ch:spidersp:034674,JPN,Female
Salticidae,Stertinius,kumadai,2337799,urn:lsid:nmbe.ch:spidersp:036356,JPN,Unknown
Salticidae,Synagelides,agoriformis,1112556,urn:lsid:nmbe.ch:spidersp:036393,JPN,Female
Salticidae,Synagelides,annae,2337660,urn:lsid:nmbe.ch:spidersp:036394,JPN,Male
Salticidae,Talavera,ikedai,2337665,urn:lsid:nmbe.ch:spidersp:038336,JPN,Female
Salticidae,Tasa,koreana,1487928,urn:lsid:nmbe.ch:spidersp:036473,JPN,Female
Salticidae,Telamonia,sp.(OTU0253),2337670,,IND,Unknown
Salticidae,Telamonia,vlijmi,1112492,urn:lsid:nmbe.ch:spidersp:036518,JPN,"Female,Unknown"
Salticidae,Thiania,bhamoensis,426842,urn:lsid:nmbe.ch:spidersp:036533,MYS,Female
Salticidae,Thiania,suboppressa,1317302,urn:lsid:nmbe.ch:spidersp:036546,JPN,Female
Salticidae,Thyene,orientalis,2337688,urn:lsid:nmbe.ch:spidersp:036608,JPN,Female
Salticidae,Viciria,praemandibularis,2337855,urn:lsid:nmbe.ch:spidersp:036767,MYS,"Male,Female"
Salticidae,Yaginumaella,striatipes,2337712,urn:lsid:nmbe.ch:spidersp:036823,JPN,Female
Salticidae,Yaginumanis,sexdentatus,2337713,urn:lsid:nmbe.ch:spidersp:036834,JPN,Female
Scytodidae,Scytodes,atlacoya,2337640,urn:lsid:nmbe.ch:spidersp:039519,USA,Unknown
Scytodidae,Scytodes,fusca,2337641,urn:lsid:nmbe.ch:spidersp:002816,JPN,Unknown
Scytodidae,Scytodes,sp.(OTU0142),2337642,,USA,Unknown
Scytodidae,Scytodes,thoracica,1112478,urn:lsid:nmbe.ch:spidersp:002900,JPN,Unknown
Segestriidae,Ariadna,lateralis,2337312,urn:lsid:nmbe.ch:spidersp:004254,JPN,"Female,Unknown"
Segestriidae,Segestria,nipponica,2337643,urn:lsid:nmbe.ch:spidersp:004314,JPN,Male
Selenopidae,Gen.,sp.(OTU0141),2511325,,MDG,Female
Selenopidae,Selenops,bursarius,881841,urn:lsid:nmbe.ch:spidersp:028644,JPN,Female
Sicariidae,Loxosceles,rufescens,,urn:lsid:nmbe.ch:spidersp:002730,"ITA,JPN","Male,Female,Unknown"
Sicariidae,Loxosceles,sp.(OTU0987),2337461,,IND,Unknown
Sparassidae,Delena,cancerides,658994,urn:lsid:nmbe.ch:spidersp:028780,AUS,Male
Sparassidae,Delena,sp.(OTU0391),2511313,,MDG,Female
Sparassidae,Gen.,sp.(OTU0646),2337871,,MYS,Unknown
Sparassidae,Gen.,sp.(OTU0649),2337870,,IND,Unknown
Sparassidae,Gen.,sp.(OTU0946),2337872,,AUS,Unknown
Sparassidae,Heteropoda,simplex,679133,urn:lsid:nmbe.ch:spidersp:040975,JPN,"Male,Female"
Sparassidae,Heteropoda,sp.1,,,AUS,Male
Sparassidae,Heteropoda,sp.(OTU0022),2337435,,MYS,Unknown
Sparassidae,Heteropoda,tetrica,679135,urn:lsid:nmbe.ch:spidersp:028980,MYS,Female
Sparassidae,Heteropoda,venatoria,152925,urn:lsid:nmbe.ch:spidersp:028988,"IND,JPN","Female,Unknown"
Sparassidae,Neosparassus,diana,2337510,urn:lsid:nmbe.ch:spidersp:029089,AUS,Male
Sparassidae,Olios,sp.(OTU0386),2337530,,AUS,Female
Sparassidae,Pandercetes,sp.(OTU0300),2337563,,MYS,Female
Sparassidae,Pseudopoda,kasariana,2337624,urn:lsid:nmbe.ch:spidersp:039022,JPN,Unknown
Sparassidae,Pseudopoda,spirembolus,2337625,urn:lsid:nmbe.ch:spidersp:039023,JPN,"Female,Unknown"
Sparassidae,Sinopoda,forcipata,2337648,urn:lsid:nmbe.ch:spidersp:029512,JPN,"Male,Female"
Sparassidae,Sinopoda,okinawana,2337649,urn:lsid:nmbe.ch:spidersp:038166,JPN,"Female,Unknown"
Sparassidae,Sinopoda,sp.(OTU0678),2337651,,JPN,"Male,Unknown"
Sparassidae,Sinopoda,tanikawai,2337652,urn:lsid:nmbe.ch:spidersp:038167,JPN,Unknown
Sparassidae,Thelcticopis,severa,1475189,urn:lsid:nmbe.ch:spidersp:029584,JPN,Female
Sparassidae,Thelcticopis,sp.(OTU0431),2337680,,MYS,Female
Stiphidiidae,Stiphidion,sp.(OTU0538),2337659,,AUS,Unknown
Symphytognathidae,Patu,kishidai,2337579,urn:lsid:nmbe.ch:spidersp:042636,JPN,Female
Telemidae,Telema,nipponica,2337671,urn:lsid:nmbe.ch:spidersp:003114,JPN,Female
Tetrablemmidae,Ablemma,shimojanai,2337276,urn:lsid:nmbe.ch:spidersp:004112,JPN,Female
Tetragnathidae,Diphya,okumae,2337391,urn:lsid:nmbe.ch:spidersp:013600,JPN,Male
Tetragnathidae,Dolichognatha,umbrophila,2026707,urn:lsid:nmbe.ch:spidersp:013624,JPN,"Female,Unknown"
Tetragnathidae,Gen.,sp.(OTU0696),2337873,,GBR,Unknown
Tetragnathidae,Guizygiella,sp.(OTU0662),2507262,,MYS,Female
Tetragnathidae,Leucauge,argentina,1844802,urn:lsid:nmbe.ch:spidersp:013680,MYS,Female
Tetragnathidae,Leucauge,argyra,472971,urn:lsid:nmbe.ch:spidersp:013682,USA,Female
Tetragnathidae,Leucauge,blanda,1112429,urn:lsid:nmbe.ch:spidersp:013694,JPN,"Female,Unknown"
Tetragnathidae,Leucauge,celebesiana,1112430,urn:lsid:nmbe.ch:spidersp:013704,JPN,Female
Tetragnathidae,Leucauge,crucinota,2337454,urn:lsid:nmbe.ch:spidersp:013709,JPN,Female
Tetragnathidae,Leucauge,decorata,1192033,urn:lsid:nmbe.ch:spidersp:013712,IND,Unknown
Tetragnathidae,Leucauge,dromedaria,2337455,urn:lsid:nmbe.ch:spidersp:013717,AUS,Female
Tetragnathidae,Leucauge,sp.1,,,MYS,Female
Tetragnathidae,Leucauge,sp.(OTU0111),2337457,,MYS,Unknown
Tetragnathidae,Leucauge,sp.(OTU0563),2337456,,MYS,Unknown
Tetragnathidae,Leucauge,subblanda,1933406,urn:lsid:nmbe.ch:spidersp:042861,JPN,"Male,Female,Unknown"
Tetragnathidae,Leucauge,subgemmea,2337458,urn:lsid:nmbe.ch:spidersp:013814,JPN,"Female,Unknown"
Tetragnathidae,Leucauge,tessellata,521417,urn:lsid:nmbe.ch:spidersp:013820,MYS,"Female,Unknown"
Tetragnathidae,Leucauge,venusta,329904,urn:lsid:nmbe.ch:spidersp:013834,USA,Female
Tetragnathidae,Mesida,sp.(OTU0499),2337481,,MYS,Female
Tetragnathidae,Meta,japonica,2337482,urn:lsid:nmbe.ch:spidersp:013874,JPN,"Male,Unknown"
Tetragnathidae,Meta,nigridorsalis,2337483,urn:lsid:nmbe.ch:spidersp:013889,JPN,Female
Tetragnathidae,Metellina,mengei,500646,urn:lsid:nmbe.ch:spidersp:013917,GBR,Male
Tetragnathidae,Metellina,merianae,473146,urn:lsid:nmbe.ch:spidersp:013918,GBR,"Male,Female"
Tetragnathidae,Metellina,ornata,1112532,urn:lsid:nmbe.ch:spidersp:013856,JPN,Female
Tetragnathidae,Metleucauge,kompirensis,2337484,urn:lsid:nmbe.ch:spidersp:013928,JPN,Female
Tetragnathidae,Metleucauge,yunohamensis,1112435,urn:lsid:nmbe.ch:spidersp:013930,JPN,"Female,Unknown"
Tetragnathidae,Okileucauge,sasakii,2337775,urn:lsid:nmbe.ch:spidersp:037055,JPN,Female
Tetragnathidae,Orsinome,sp.(OTU0371),2337537,,MYS,"Female,Unknown"
Tetragnathidae,Orsinome,sp.(OTU0736),2337535,,MYS,Female
Tetragnathidae,Pachygnatha,clercki,662952,urn:lsid:nmbe.ch:spidersp:014026,JPN,"Female,Unknown"
Tetragnathidae,Pachygnatha,quadrimaculata,2055962,urn:lsid:nmbe.ch:spidersp:013633,JPN,Unknown
Tetragnathidae,Pachygnatha,tenera,2337555,urn:lsid:nmbe.ch:spidersp:013634,JPN,Female
Tetragnathidae,Tetragnatha,caudicula,2055961,urn:lsid:nmbe.ch:spidersp:014117,JPN,Unknown
Tetragnathidae,Tetragnatha,ceylonica,2055959,urn:lsid:nmbe.ch:spidersp:014121,JPN,"Male,Female"
Tetragnathidae,Tetragnatha,chauliodus,2337672,urn:lsid:nmbe.ch:spidersp:014122,JPN,"Male,Unknown"
Tetragnathidae,Tetragnatha,extensa,1107736,urn:lsid:nmbe.ch:spidersp:014159,"JPN,GBR","Male,Unknown"
Tetragnathidae,Tetragnatha,iriomotensis,2055957,urn:lsid:nmbe.ch:spidersp:014208,JPN,"Female,Unknown"
Tetragnathidae,Tetragnatha,javana,673383,urn:lsid:nmbe.ch:spidersp:014212,JPN,Unknown
Tetragnathidae,Tetragnatha,lauta,1844808,urn:lsid:nmbe.ch:spidersp:014231,JPN,"Male,Female"
Tetragnathidae,Tetragnatha,makiharai,2055958,urn:lsid:nmbe.ch:spidersp:014250,JPN,Female
Tetragnathidae,Tetragnatha,mandibulata,27397,urn:lsid:nmbe.ch:spidersp:014251,JPN,"Male,Female"
Tetragnathidae,Tetragnatha,maxillosa,216284,urn:lsid:nmbe.ch:spidersp:014257,"CHN,JPN","Female,Unknown"
Tetragnathidae,Tetragnatha,montana,500645,urn:lsid:nmbe.ch:spidersp:014265,GBR,Female
Tetragnathidae,Tetragnatha,nitens,545214,urn:lsid:nmbe.ch:spidersp:014279,JPN,Female
Tetragnathidae,Tetragnatha,pinicola,1112493,urn:lsid:nmbe.ch:spidersp:014315,JPN,Female
Tetragnathidae,Tetragnatha,praedonia,1112494,urn:lsid:nmbe.ch:spidersp:014321,JPN,"Male,Female,Unknown"
Tetragnathidae,Tetragnatha,shinanoensis,2337673,urn:lsid:nmbe.ch:spidersp:014345,JPN,Female
Tetragnathidae,Tetragnatha,sp.1,,,JPN,Female
Tetragnathidae,Tetragnatha,sp.2,,,IND,Unknown
Tetragnathidae,Tetragnatha,sp.(OTU0068),2337674,,JPN,Unknown
Tetragnathidae,Tetragnatha,sp.(OTU0935),2337675,,USA,Female
Tetragnathidae,Tetragnatha,squamata,1112495,urn:lsid:nmbe.ch:spidersp:014353,JPN,Female
Tetragnathidae,Tetragnatha,tanigawai,2055960,urn:lsid:nmbe.ch:spidersp:014367,JPN,"Male,Unknown"
Tetragnathidae,Tetragnatha,vermiformis,1698930,urn:lsid:nmbe.ch:spidersp:014386,JPN,Female
Tetragnathidae,Tetragnatha,yesoensis,2055956,urn:lsid:nmbe.ch:spidersp:014394,JPN,"Female,Unknown"
Tetragnathidae,Tylorida,striata,473180,urn:lsid:nmbe.ch:spidersp:014401,"IND,JPN","Male,Female"
Tetragnathidae,Tylorida,ventralis,1654948,urn:lsid:nmbe.ch:spidersp:014402,"JPN,MYS",Female
Tetragnathidae,Zhinu,reticuloides,2337810,urn:lsid:nmbe.ch:spidersp:013894,JPN,"Female,Unknown"
Theraphosidae,Gen.,sp.1,,,MYS,Unknown
Theraphosidae,Lampropelma,violaceopes,2337446,urn:lsid:nmbe.ch:spidersp:002179,MYS,Unknown
Theridiidae,Allothymoites,kumadai,2337731,urn:lsid:nmbe.ch:spidersp:041318,JPN,Female
Theridiidae,Anelosimus,crassipes,1112379,urn:lsid:nmbe.ch:spidersp:006927,JPN,"Female,Unknown"
Theridiidae,Anelosimus,exiguus,2337285,urn:lsid:nmbe.ch:spidersp:006934,JPN,"Male,Female"
Theridiidae,Anelosimus,iwawakiensis,2337286,urn:lsid:nmbe.ch:spidersp:006937,JPN,Female
Theridiidae,Anelosimus,studiosus,411427,urn:lsid:nmbe.ch:spidersp:006957,USA,Female
Theridiidae,Anelosimus,vittatus,1906963,urn:lsid:nmbe.ch:spidersp:006962,GBR,Female
Theridiidae,Argyrodes,bonadea,1529479,urn:lsid:nmbe.ch:spidersp:006996,JPN,"Male,Female"
Theridiidae,Argyrodes,cylindratus,1529480,urn:lsid:nmbe.ch:spidersp:007024,JPN,"Male,Female"
Theridiidae,Argyrodes,flavescens,202203,urn:lsid:nmbe.ch:spidersp:007044,"JPN,MYS","Male,Female,Unknown"
Theridiidae,Argyrodes,kumadai,1529484,urn:lsid:nmbe.ch:spidersp:007075,JPN,"Male,Female,Unknown"
Theridiidae,Argyrodes,miniaceus,1529486,urn:lsid:nmbe.ch:spidersp:007098,JPN,Female
Theridiidae,Argyrodes,nephilae,1529488,urn:lsid:nmbe.ch:spidersp:007106,USA,Female
Theridiidae,Argyrodes,sp.(OTU0196),2337311,,AUS,Female
Theridiidae,Argyrodes,sp.(OTU0265),2337310,,IND,Unknown
Theridiidae,Ariamnes,cylindrogaster,1112391,urn:lsid:nmbe.ch:spidersp:007025,JPN,"Male,Female,Unknown"
Theridiidae,Ariamnes,flagellum,2337313,urn:lsid:nmbe.ch:spidersp:007042,MYS,Female
Theridiidae,Ariamnes,sp.(OTU0979),2337314,,AUS,Male
Theridiidae,Campanicola,ferrumequina,2337737,urn:lsid:nmbe.ch:spidersp:006786,JPN,"Female,Unknown"
Theridiidae,Chikunia,albipes,1112508,urn:lsid:nmbe.ch:spidersp:037395,JPN,"Female,Unknown"
Theridiidae,Chrosiothes,sudabides,2337343,urn:lsid:nmbe.ch:spidersp:007220,JPN,Female
Theridiidae,Chrysso,foliata,2337344,urn:lsid:nmbe.ch:spidersp:037393,JPN,"Female,Unknown"
Theridiidae,Chrysso,scintillans,2337345,urn:lsid:nmbe.ch:spidersp:007269,JPN,Female
Theridiidae,Chrysso,sp.(OTU0856),2337346,,MYS,Female
Theridiidae,Chrysso,viridiventris,2337347,urn:lsid:nmbe.ch:spidersp:007283,JPN,"Female,Unknown"
Theridiidae,Coleosoma,blandum,2337371,urn:lsid:nmbe.ch:spidersp:007292,JPN,Female
Theridiidae,Coleosoma,floridanum,1902173,urn:lsid:nmbe.ch:spidersp:007294,JPN,Female
Theridiidae,Coleosoma,octomaculatum,1112396,urn:lsid:nmbe.ch:spidersp:007297,JPN,Female
Theridiidae,Cryptachaea,gigantipes,2337375,urn:lsid:nmbe.ch:spidersp:008392,AUS,Female
Theridiidae,Cryptachaea,sp.(OTU0012),2337376,,AUS,Female
Theridiidae,Dipoena,punctisparsa,2337392,urn:lsid:nmbe.ch:spidersp:007467,JPN,"Female,Unknown"
Theridiidae,Enoplognatha,abrupta,2337400,urn:lsid:nmbe.ch:spidersp:008013,JPN,Female
Theridiidae,Enoplognatha,caricis,233466,urn:lsid:nmbe.ch:spidersp:007543,JPN,Female
Theridiidae,Enoplognatha,margarita,932962,urn:lsid:nmbe.ch:spidersp:007566,JPN,Female
Theridiidae,Enoplognatha,ovata,81834,urn:lsid:nmbe.ch:spidersp:007578,GBR,Female
Theridiidae,Enoplognatha,sp.(OTU0370),2337401,,USA,Female
Theridiidae,Enoplognatha,sp.(OTU0754),2337402,,CHN,Female
Theridiidae,Episinus,affinis,1112415,urn:lsid:nmbe.ch:spidersp:007603,JPN,Female
Theridiidae,Episinus,kitazawai,2337404,urn:lsid:nmbe.ch:spidersp:007641,JPN,Unknown
Theridiidae,Episinus,nubilus,1112416,urn:lsid:nmbe.ch:spidersp:007658,JPN,Female
Theridiidae,Euryopis,octomaculata,2337409,urn:lsid:nmbe.ch:spidersp:007727,JPN,Unknown
Theridiidae,Euryopis,sp.(OTU0456),2507260,,IND,Unknown
Theridiidae,Euryopis,superba,1928021,urn:lsid:nmbe.ch:spidersp:007748,AUS,Female
Theridiidae,Faiditus,xiphias,1529513,urn:lsid:nmbe.ch:spidersp:007183,JPN,Female
Theridiidae,Gen.,sp.(OTU0036),2337879,,IND,Male
Theridiidae,Gen.,sp.(OTU0064),2507284,,CHN,Female
Theridiidae,Gen.,sp.(OTU0369),2337880,,MYS,Unknown
Theridiidae,Gen.,sp.(OTU0399),2337884,,AUS,Female
Theridiidae,Gen.,sp.(OTU0462),2337882,,MYS,"Female,Unknown"
Theridiidae,Gen.,sp.(OTU0492),2337875,,MYS,Unknown
Theridiidae,Gen.,sp.(OTU0518),2337887,,AUS,Female
Theridiidae,Gen.,sp.(OTU0550),2337886,,AUS,Female
Theridiidae,Gen.,sp.(OTU0616),2337878,,IND,Male
Theridiidae,Gen.,sp.(OTU0639),2337874,,JPN,Male
Theridiidae,Gen.,sp.(OTU0875),2337885,,AUS,Female
Theridiidae,Gen.,sp.(OTU1001),2337883,,MYS,Female
Theridiidae,Gen.,sp.(OTU1065),2337881,,MYS,Female
Theridiidae,Gen.,sp.(OTU1083),2337877,,MYS,Male
Theridiidae,Keijiella,oculiprominens,2337754,urn:lsid:nmbe.ch:spidersp:006831,JPN,Female
Theridiidae,Latrodectus,geometricus,156851,urn:lsid:nmbe.ch:spidersp:007809,"MDG,USA",Female
Theridiidae,Latrodectus,hasselti,256736,urn:lsid:nmbe.ch:spidersp:007810,AUS,Female
Theridiidae,Meotipa,argyrodiformis,2337476,urn:lsid:nmbe.ch:spidersp:007230,JPN,Unknown
Theridiidae,Meotipa,pulcherrima,2337477,urn:lsid:nmbe.ch:spidersp:007262,JPN,Female
Theridiidae,Meotipa,spiniventris,2337479,urn:lsid:nmbe.ch:spidersp:007273,JPN,Female
Theridiidae,Meotipa,sp.(OTU0609),2337478,,MYS,Female
Theridiidae,Meotipa,vesiculosa,2337480,urn:lsid:nmbe.ch:spidersp:007281,JPN,Female
Theridiidae,Moneta,mirabilis,2337495,urn:lsid:nmbe.ch:spidersp:007840,JPN,Female
Theridiidae,Neospintharus,fur,2337511,urn:lsid:nmbe.ch:spidersp:007048,JPN,Unknown
Theridiidae,Neospintharus,nipponicus,2337512,urn:lsid:nmbe.ch:spidersp:007108,JPN,Female
Theridiidae,Neospintharus,trigonum,1107817,urn:lsid:nmbe.ch:spidersp:007170,USA,Female
Theridiidae,Nesticodes,rufipes,233304,urn:lsid:nmbe.ch:spidersp:007859,JPN,Female
Theridiidae,Nihonhimea,japonica,2337769,urn:lsid:nmbe.ch:spidersp:006803,JPN,Female
Theridiidae,Nihonhimea,mundula,2337770,urn:lsid:nmbe.ch:spidersp:006825,MYS,Female
Theridiidae,Nihonhimea,sp.(OTU0429),2337771,,IND,Female
Theridiidae,Okumaella,okumae,2337779,urn:lsid:nmbe.ch:spidersp:008893,JPN,Male
Theridiidae,Paidiscura,subpallens,2337556,urn:lsid:nmbe.ch:spidersp:008711,JPN,Female
Theridiidae,Parasteatoda,angulithorax,2337565,urn:lsid:nmbe.ch:spidersp:006749,JPN,Female
Theridiidae,Parasteatoda,culicivora,1112456,urn:lsid:nmbe.ch:spidersp:006770,JPN,Female
Theridiidae,Parasteatoda,lunata,1871986,urn:lsid:nmbe.ch:spidersp:006814,GBR,Unknown
Theridiidae,Parasteatoda,ryukyu,2337566,urn:lsid:nmbe.ch:spidersp:037042,JPN,"Male,Female,Unknown"
Theridiidae,Parasteatoda,simulans,1926208,urn:lsid:nmbe.ch:spidersp:006864,JPN,Female
Theridiidae,Parasteatoda,sp.1,,,JPN,Male
Theridiidae,Parasteatoda,sp.2,,,JPN,Female
Theridiidae,Parasteatoda,sp.(OTU0492),2337567,,MYS,Unknown
Theridiidae,Parasteatoda,sp.(OTU0819),2337568,,USA,Female
Theridiidae,Parasteatoda,sp.(OTU0828),2337569,,AUS,Female
Theridiidae,Parasteatoda,tabulata,1112459,urn:lsid:nmbe.ch:spidersp:006868,JPN,"Female,Unknown"
Theridiidae,Parasteatoda,tepidariorum,114398,urn:lsid:nmbe.ch:spidersp:006870,"CHN,JPN,GBR,USA","Male,Female,Unknown"
Theridiidae,Phoroncidia,pilula,2337592,urn:lsid:nmbe.ch:spidersp:007920,JPN,Female
Theridiidae,Phycosoma,flavomarginatum,2337599,urn:lsid:nmbe.ch:spidersp:007383,JPN,Male
Theridiidae,Phycosoma,japonicum,2337600,urn:lsid:nmbe.ch:spidersp:007404,JPN,Male
Theridiidae,Phycosoma,mustelinum,1112539,urn:lsid:nmbe.ch:spidersp:007432,JPN,"Male,Female"
Theridiidae,Phylloneta,sisyphia,1871992,urn:lsid:nmbe.ch:spidersp:008690,GBR,Female
Theridiidae,Platnickina,maculata,2337607,urn:lsid:nmbe.ch:spidersp:037533,JPN,Female
Theridiidae,Platnickina,mneon,1227669,urn:lsid:nmbe.ch:spidersp:008529,JPN,Female
Theridiidae,Platnickina,sp.(OTU0601),2507269,,CHN,Female
Theridiidae,Platnickina,sterninotata,2337608,urn:lsid:nmbe.ch:spidersp:008702,JPN,Female
Theridiidae,Rhomphaea,hyrcana,2337630,urn:lsid:nmbe.ch:spidersp:007063,JPN,Female
Theridiidae,Rhomphaea,labiata,2337631,urn:lsid:nmbe.ch:spidersp:007076,JPN,Female
Theridiidae,Rhomphaea,sagana,1529496,urn:lsid:nmbe.ch:spidersp:007140,JPN,Female
Theridiidae,Rhomphaea,sp.(OTU0325),2337633,,MYS,Female
Theridiidae,Rhomphaea,sp.(OTU0352),2337632,,JPN,Female
Theridiidae,Rhomphaea,tanikawai,2337634,urn:lsid:nmbe.ch:spidersp:037394,JPN,Female
Theridiidae,Robertus,nojimai,2337635,urn:lsid:nmbe.ch:spidersp:039277,JPN,Female
Theridiidae,Rugathodes,nigrolimbatus,2337636,urn:lsid:nmbe.ch:spidersp:008556,JPN,Female
Theridiidae,Spheropistha,melanosoma,2337654,urn:lsid:nmbe.ch:spidersp:007089,JPN,Female
Theridiidae,Spheropistha,miyashitai,2337655,urn:lsid:nmbe.ch:spidersp:007099,JPN,Female
Theridiidae,Steatoda,borealis,256749,urn:lsid:nmbe.ch:spidersp:008033,USA,"Male,Unknown"
Theridiidae,Steatoda,cingulata,1112486,urn:lsid:nmbe.ch:spidersp:008041,JPN,"Female,Unknown"
Theridiidae,Steatoda,grossa,256750,urn:lsid:nmbe.ch:spidersp:008055,JPN,Female
Theridiidae,Steatoda,sp.(OTU0151),2337657,,GBR,Unknown
Theridiidae,Steatoda,sp.(OTU0808),2337658,,AUS,Female
Theridiidae,Steatoda,sp.(OTU0966),2337656,,IND,Unknown
Theridiidae,Steatoda,triangulosa,114396,urn:lsid:nmbe.ch:spidersp:008125,JPN,Unknown
Theridiidae,Stemmops,nipponicus,1112487,urn:lsid:nmbe.ch:spidersp:008152,JPN,Female
Theridiidae,Takayus,chikunii,2337664,urn:lsid:nmbe.ch:spidersp:008291,JPN,Female
Theridiidae,Takayus,latifolius,1112489,urn:lsid:nmbe.ch:spidersp:008469,JPN,Female
Theridiidae,Takayus,takayensis,1112491,urn:lsid:nmbe.ch:spidersp:008719,JPN,Female
Theridiidae,Tekellina,sadamotoi,2337669,urn:lsid:nmbe.ch:spidersp:048971,JPN,Female
Theridiidae,Theridion,makotoi,2337681,urn:lsid:nmbe.ch:spidersp:042632,JPN,Male
Theridiidae,Theridion,melanostictum,1902208,urn:lsid:nmbe.ch:spidersp:008517,JPN,Female
Theridiidae,Theridion,pinastri,1112496,urn:lsid:nmbe.ch:spidersp:008611,JPN,Female
Theridiidae,Theridion,varians,233491,urn:lsid:nmbe.ch:spidersp:008769,GBR,Female
Theridiidae,Theridion,zonulatum,2337682,urn:lsid:nmbe.ch:spidersp:008803,MYS,Unknown
Theridiidae,Thwaitesia,sp.(OTU0633),2511305,,MDG,Female
Theridiidae,Yaginumena,castrata,2337807,urn:lsid:nmbe.ch:spidersp:007362,JPN,"Male,Female"
Theridiidae,Yaginumena,mutilata,2337808,urn:lsid:nmbe.ch:spidersp:007433,JPN,"Female,Unknown"
Theridiidae,Yunohamella,lyrica,1495327,urn:lsid:nmbe.ch:spidersp:008497,USA,Male
Theridiidae,Yunohamella,subadulta,2337714,urn:lsid:nmbe.ch:spidersp:008706,JPN,Female
Theridiidae,Yunohamella,yunohamensis,2337715,urn:lsid:nmbe.ch:spidersp:008795,JPN,"Female,Unknown"
Theridiosomatidae,Ogulnius,pullus,2337529,urn:lsid:nmbe.ch:spidersp:008971,JPN,Female
Theridiosomatidae,Theridiosoma,epeiroides,2337683,urn:lsid:nmbe.ch:spidersp:008986,JPN,Female
Theridiosomatidae,Wendilgarda,nipponica,2337702,urn:lsid:nmbe.ch:spidersp:042635,JPN,"Male,Female"
Thomisidae,Amyciaea,forticeps,486298,urn:lsid:nmbe.ch:spidersp:030145,MYS,Male
Thomisidae,Australomisidia,sp.(OTU0887),2337321,,AUS,Female
Thomisidae,Bassaniana,decorata,2337324,urn:lsid:nmbe.ch:spidersp:030165,JPN,"Male,Female"
Thomisidae,Boliscus,tuberculatus,1956291,urn:lsid:nmbe.ch:spidersp:030174,JPN,Female
Thomisidae,Camaricus,formosus,2337328,urn:lsid:nmbe.ch:spidersp:030201,IND,Unknown
Thomisidae,Coriarachne,fulvipes,2337374,urn:lsid:nmbe.ch:spidersp:030226,JPN,Male
Thomisidae,Diaea,dorsata,1582074,urn:lsid:nmbe.ch:spidersp:030274,GBR,Unknown
Thomisidae,Diaea,subdola,486313,urn:lsid:nmbe.ch:spidersp:030326,JPN,"Male,Female"
Thomisidae,Ebelingia,kumadai,1112413,urn:lsid:nmbe.ch:spidersp:030521,JPN,Male
Thomisidae,Ebrechtella,tricuspidata,1112414,urn:lsid:nmbe.ch:spidersp:030734,JPN,"Male,Female,Unknown"
Thomisidae,Gen.,sp.(OTU0312),2507286,,MYS,Male
Thomisidae,Gen.,sp.(OTU0396),2337888,,MYS,Unknown
Thomisidae,Gen.,sp.(OTU0488),2507285,,MYS,Unknown
Thomisidae,Gen.,sp.(OTU0873),2337889,,IND,Unknown
Thomisidae,Heriaeus,mellotteei,2337432,urn:lsid:nmbe.ch:spidersp:030443,JPN,Female
Thomisidae,Lysiteles,coronatus,1112431,urn:lsid:nmbe.ch:spidersp:030488,JPN,Female
Thomisidae,Lysiteles,maius,2337462,urn:lsid:nmbe.ch:spidersp:030497,JPN,Male
Thomisidae,Lysiteles,miniatus,2337463,urn:lsid:nmbe.ch:spidersp:030499,JPN,Unknown
Thomisidae,Misumenops,bellulus,2337493,urn:lsid:nmbe.ch:spidersp:030629,USA,Male
Thomisidae,Misumenops,sp.(OTU0768),2337494,,IND,Unknown
Thomisidae,Misumessus,oblongus,1659953,urn:lsid:nmbe.ch:spidersp:030699,USA,Unknown
Thomisidae,Oxytate,hoshizuna,2337550,urn:lsid:nmbe.ch:spidersp:030808,JPN,"Male,Unknown"
Thomisidae,Oxytate,sp.(OTU0326),2337551,,CHN,Unknown
Thomisidae,Oxytate,striatipes,1112455,urn:lsid:nmbe.ch:spidersp:030816,"CHN,JPN","Male,Female,Unknown"
Thomisidae,Ozyptila,matsumotoi,2337552,urn:lsid:nmbe.ch:spidersp:030874,JPN,Female
Thomisidae,Ozyptila,nongae,2337553,urn:lsid:nmbe.ch:spidersp:030881,JPN,Female
Thomisidae,Ozyptila,sp.(OTU0994),2337554,,JPN,Female
Thomisidae,Pharta,brevipalpus,2337581,urn:lsid:nmbe.ch:spidersp:030374,JPN,Unknown
Thomisidae,Phrynarachne,ceylonica,2337598,urn:lsid:nmbe.ch:spidersp:030967,JPN,Female
Thomisidae,Phrynarachne,katoi,1112472,urn:lsid:nmbe.ch:spidersp:030978,JPN,"Female,Unknown"
Thomisidae,Pistius,undulatus,2337606,urn:lsid:nmbe.ch:spidersp:031006,JPN,Female
Thomisidae,Pycnaxis,truciformis,2337627,urn:lsid:nmbe.ch:spidersp:031359,JPN,"Male,Unknown"
Thomisidae,Runcinia,acuminata,488871,urn:lsid:nmbe.ch:spidersp:031048,JPN,Unknown
Thomisidae,Runcinia,insecta,2337637,urn:lsid:nmbe.ch:spidersp:030286,JPN,Unknown
Thomisidae,Sidymella,hirsuta,2337644,urn:lsid:nmbe.ch:spidersp:031087,AUS,Male
Thomisidae,Sidymella,rubrosignata,2003130,urn:lsid:nmbe.ch:spidersp:031100,AUS,Female
Thomisidae,Stephanopis,cambridgei,2003132,urn:lsid:nmbe.ch:spidersp:031126,AUS,Female
Thomisidae,Synema,chikunii,2337661,urn:lsid:nmbe.ch:spidersp:031243,JPN,Female
Thomisidae,Synema,globosum,1112488,urn:lsid:nmbe.ch:spidersp:031260,JPN,Unknown
Thomisidae,Synema,nangoku,2337662,urn:lsid:nmbe.ch:spidersp:039040,JPN,Male
Thomisidae,Tharpyna,indica,2337678,urn:lsid:nmbe.ch:spidersp:031376,IND,Unknown
Thomisidae,Tharpyna,sp.(OTU0743),2337679,,AUS,Female
Thomisidae,Tharrhalea,evanida,1582084,urn:lsid:nmbe.ch:spidersp:030276,AUS,Female
Thomisidae,Thomisus,kitamurai,2337684,urn:lsid:nmbe.ch:spidersp:031460,JPN,Female
Thomisidae,Thomisus,labefactus,2337685,urn:lsid:nmbe.ch:spidersp:031463,JPN,"Female,Unknown"
Thomisidae,Thomisus,okinawensis,2337686,urn:lsid:nmbe.ch:spidersp:031484,JPN,Female
Thomisidae,Thomisus,sp.(OTU0438),2337687,,MYS,Unknown
Thomisidae,Thomisus,sp.(OTU0463),2507270,,CHN,Unknown
Thomisidae,Tmarus,angulatus,336687,urn:lsid:nmbe.ch:spidersp:031555,USA,Female
Thomisidae,Tmarus,piger,1112498,urn:lsid:nmbe.ch:spidersp:031684,JPN,"Female,Unknown"
Thomisidae,Tmarus,rimosus,1112499,urn:lsid:nmbe.ch:spidersp:031708,JPN,"Female,Unknown"
Thomisidae,Tmarus,shimojanai,2337690,urn:lsid:nmbe.ch:spidersp:031715,JPN,Female
Thomisidae,Tmarus,sp.(OTU0102),2337692,,JPN,Unknown
Thomisidae,Xysticus,croceus,303593,urn:lsid:nmbe.ch:spidersp:031859,JPN,Female
Thomisidae,Xysticus,ephippiatus,1112501,urn:lsid:nmbe.ch:spidersp:031880,JPN,Female
Thomisidae,Xysticus,insulicola,1112502,urn:lsid:nmbe.ch:spidersp:031932,JPN,Female
Thomisidae,Xysticus,kurilensis,2337704,urn:lsid:nmbe.ch:spidersp:031955,JPN,Female
Thomisidae,Xysticus,saganus,2337705,urn:lsid:nmbe.ch:spidersp:032056,JPN,Female
Thomisidae,Xysticus,sp.(OTU0096),2337707,,JPN,Female
Thomisidae,Xysticus,sp.(OTU0110),2337708,,JPN,"Male,Unknown"
Thomisidae,Xysticus,sp.(OTU0521),2337706,,JPN,Female
Thomisidae,Xysticus,transversomaculatus,2337710,urn:lsid:nmbe.ch:spidersp:032097,JPN,Male
Thomisidae,Xysticus,trizonatus,2337711,urn:lsid:nmbe.ch:spidersp:032101,JPN,Female
Titanoecidae,Nurscia,albofasciata,553858,urn:lsid:nmbe.ch:spidersp:023183,JPN,"Female,Unknown"
Titanoecidae,Pandava,laminata,1750740,urn:lsid:nmbe.ch:spidersp:023187,JPN,"Male,Female"
Trachelidae,Orthobula,crucifera,2337539,urn:lsid:nmbe.ch:spidersp:024271,JPN,Female
Trachelidae,Trachelas,japonicus,1112562,urn:lsid:nmbe.ch:spidersp:025516,JPN,Unknown
Trachelidae,Trachelas,similis,2337693,urn:lsid:nmbe.ch:spidersp:025548,USA,Female
Trechaleidae,Shinobius,orientalis,2337793,urn:lsid:nmbe.ch:spidersp:019478,JPN,Unknown
Trochanteriidae,Morebilus,sp.(OTU1003),2337496,,AUS,Unknown
Trochanteriidae,Plator,nipponicus,2337783,urn:lsid:nmbe.ch:spidersp:026199,JPN,Male
Udubidae,Gen.,sp.(OTU0981),2511327,,MDG,Male
Uloboridae,Hyptiotes,affinis,2337442,urn:lsid:nmbe.ch:spidersp:006218,JPN,"Male,Female"
Uloboridae,Miagrammopes,oblongus,2337485,urn:lsid:nmbe.ch:spidersp:006274,JPN,Female
Uloboridae,Miagrammopes,orientalis,2337486,urn:lsid:nmbe.ch:spidersp:006276,JPN,"Female,Unknown"
Uloboridae,Miagrammopes,sp.(OTU0063),2337487,,MYS,Female
Uloboridae,Octonoba,grandiconcava,2337523,urn:lsid:nmbe.ch:spidersp:006297,JPN,"Female,Unknown"
Uloboridae,Octonoba,grandiprojecta,2337524,urn:lsid:nmbe.ch:spidersp:006298,JPN,Female
Uloboridae,Octonoba,okinawensis,2337525,urn:lsid:nmbe.ch:spidersp:006300,JPN,Unknown
Uloboridae,Octonoba,sinensis,198412,urn:lsid:nmbe.ch:spidersp:006303,JPN,Unknown
Uloboridae,Octonoba,sp.(OTU0296),2337526,,JPN,Unknown
Uloboridae,Octonoba,sybotides,2337527,urn:lsid:nmbe.ch:spidersp:006305,JPN,"Male,Female,Unknown"
Uloboridae,Octonoba,varians,299643,urn:lsid:nmbe.ch:spidersp:006309,JPN,"Female,Unknown"
Uloboridae,Octonoba,yaeyamensis,2337528,urn:lsid:nmbe.ch:spidersp:006310,JPN,Female
Uloboridae,Octonoba,yesoensis,1112453,urn:lsid:nmbe.ch:spidersp:006312,JPN,Female
Uloboridae,Philoponella,congregabilis,2337586,urn:lsid:nmbe.ch:spidersp:006319,AUS,Male
Uloboridae,Philoponella,prominens,1112537,urn:lsid:nmbe.ch:spidersp:006334,JPN,Female
Uloboridae,Philoponella,sp.(OTU0889),2337587,,IND,Female
Uloboridae,Philoponella,sp.(OTU0907),2337588,,AUS,Female
Uloboridae,Uloborus,diversus,327109,urn:lsid:nmbe.ch:spidersp:006377,MYS,Female
Uloboridae,Uloborus,glomosus,472976,urn:lsid:nmbe.ch:spidersp:006389,USA,Female
Uloboridae,Uloborus,plumipes,94033,urn:lsid:nmbe.ch:spidersp:006412,JPN,Female
Uloboridae,Uloborus,sp.(OTU0577),2337694,,MYS,Female
Uloboridae,Uloborus,sp.(OTU0809),2337695,,MYS,Female
Uloboridae,Zosis,geniculata,1750748,urn:lsid:nmbe.ch:spidersp:006439,"IND,JPN",Unknown
Viridasiidae,Vulsor,sp.(OTU0568),2511312,,MDG,Female
Zodariidae,Gen.,sp.(OTU0894),2337891,,MYS,Male
Zodariidae,Gen.,sp.(OTU1062),2337890,,MYS,Female
Zodariidae,Mallinella,fulvipes,2337464,urn:lsid:nmbe.ch:spidersp:025823,JPN,Female
Zodariidae,Mallinella,hoosi,2337465,urn:lsid:nmbe.ch:spidersp:025827,JPN,Female
Zodariidae,Mallinella,okinawaensis,2337466,urn:lsid:nmbe.ch:spidersp:040402,JPN,Female
Zodariidae,Mallinella,sadamotoi,2337467,urn:lsid:nmbe.ch:spidersp:025852,JPN,Female
Zodariidae,Mallinella,shimojanai,2337468,urn:lsid:nmbe.ch:spidersp:025856,JPN,"Female,Unknown"
Zodariidae,Storena,cyanea,1956550,urn:lsid:nmbe.ch:spidersp:025924,AUS,Male
Zoropsidae,Zoropsis,spinimana,,urn:lsid:nmbe.ch:spidersp:020389,ITA,Unknown
